0,1,2,3,4
0.949,1.017,1.022,0.977,1.086
1.017,1.022,0.977,1.086,1.126
1.022,0.977,1.086,1.126,1.202
0.977,1.086,1.126,1.202,0.905
1.086,1.126,1.202,0.905,0.95
1.126,1.202,0.905,0.95,0.935
1.202,0.905,0.95,0.935,1.349
0.905,0.95,0.935,1.349,1.385
0.95,0.935,1.349,1.385,1.274
0.935,1.349,1.385,1.274,1.335
1.349,1.385,1.274,1.335,1.346
1.385,1.274,1.335,1.346,0.664
1.274,1.335,1.346,0.664,0.635
1.335,1.346,0.664,0.635,0.591
1.346,0.664,0.635,0.591,0.689
0.664,0.635,0.591,0.689,0.696
0.635,0.591,0.689,0.696,0.718
0.591,0.689,0.696,0.718,0.729
0.689,0.696,0.718,0.729,0.706
0.696,0.718,0.729,0.706,0.683
0.718,0.729,0.706,0.683,0.68
0.729,0.706,0.683,0.68,0.573
0.706,0.683,0.68,0.573,0.598
0.683,0.68,0.573,0.598,0.587
0.68,0.573,0.598,0.587,0.759
0.573,0.598,0.587,0.759,0.607
0.598,0.587,0.759,0.607,0.719
0.587,0.759,0.607,0.719,0.745
0.759,0.607,0.719,0.745,0.769
0.607,0.719,0.745,0.769,0.853
0.719,0.745,0.769,0.853,0.753
0.745,0.769,0.853,0.753,0.636
0.769,0.853,0.753,0.636,0.842
0.853,0.753,0.636,0.842,0.856
0.753,0.636,0.842,0.856,0.797
0.636,0.842,0.856,0.797,0.88
0.842,0.856,0.797,0.88,0.887
0.856,0.797,0.88,0.887,0.926
0.797,0.88,0.887,0.926,0.781
0.88,0.887,0.926,0.781,0.967
0.887,0.926,0.781,0.967,1.012
0.926,0.781,0.967,1.012,0.879
0.781,0.967,1.012,0.879,0.881
0.967,1.012,0.879,0.881,1.073
1.012,0.879,0.881,1.073,0.971
0.879,0.881,1.073,0.971,1.173
0.881,1.073,0.971,1.173,1.188
1.073,0.971,1.173,1.188,1.091
0.971,1.173,1.188,1.091,1.265
1.173,1.188,1.091,1.265,1.14
1.188,1.091,1.265,1.14,1.258
1.091,1.265,1.14,1.258,1.18
1.265,1.14,1.258,1.18,1.402
1.14,1.258,1.18,1.402,1.433
1.258,1.18,1.402,1.433,1.461
1.18,1.402,1.433,1.461,1.04
1.402,1.433,1.461,1.04,1.476
1.433,1.461,1.04,1.476,1.576
1.461,1.04,1.476,1.576,1.519
1.04,1.476,1.576,1.519,1.383
1.476,1.576,1.519,1.383,1.023
1.576,1.519,1.383,1.023,0.873
1.519,1.383,1.023,0.873,1.079
1.383,1.023,0.873,1.079,0.79
1.023,0.873,1.079,0.79,1.014
0.873,1.079,0.79,1.014,0.731
1.079,0.79,1.014,0.731,0.706
0.79,1.014,0.731,0.706,0.69
1.014,0.731,0.706,0.69,0.724
0.731,0.706,0.69,0.724,0.693
0.706,0.69,0.724,0.693,0.87
0.69,0.724,0.693,0.87,0.802
0.724,0.693,0.87,0.802,0.82
0.693,0.87,0.802,0.82,0.943
0.87,0.802,0.82,0.943,0.888
0.802,0.82,0.943,0.888,0.865
0.82,0.943,0.888,0.865,0.95
0.943,0.888,0.865,0.95,0.658
0.888,0.865,0.95,0.658,0.866
0.865,0.95,0.658,0.866,0.946
0.95,0.658,0.866,0.946,0.99
0.658,0.866,0.946,0.99,0.762
0.866,0.946,0.99,0.762,0.758
0.946,0.99,0.762,0.758,0.98
0.99,0.762,0.758,0.98,0.838
0.762,0.758,0.98,0.838,0.649
0.758,0.98,0.838,0.649,0.999
0.98,0.838,0.649,0.999,0.972
0.838,0.649,0.999,0.972,0.971
0.649,0.999,0.972,0.971,0.911
0.999,0.972,0.971,0.911,1.045
0.972,0.971,0.911,1.045,1.071
0.971,0.911,1.045,1.071,1.095
0.911,1.045,1.071,1.095,1.122
1.045,1.071,1.095,1.122,1.182
0.796,0.933,0.873,0.789,0.912
0.933,0.873,0.789,0.912,0.946
0.873,0.789,0.912,0.946,1.056
0.789,0.912,0.946,1.056,0.986
0.912,0.946,1.056,0.986,1.064
0.946,1.056,0.986,1.064,1.082
1.056,0.986,1.064,1.082,0.974
0.986,1.064,1.082,0.974,0.999
1.064,1.082,0.974,0.999,1.003
1.082,0.974,0.999,1.003,1.031
0.974,0.999,1.003,1.031,1.065
0.999,1.003,1.031,1.065,1.106
1.003,1.031,1.065,1.106,1.266
1.031,1.065,1.106,1.266,1.264
1.065,1.106,1.266,1.264,1.227
1.106,1.266,1.264,1.227,1.067
1.266,1.264,1.227,1.067,1.173
1.264,1.227,1.067,1.173,1.112
1.227,1.067,1.173,1.112,1.187
1.067,1.173,1.112,1.187,0.869
1.173,1.112,1.187,0.869,0.771
1.112,1.187,0.869,0.771,0.588
1.187,0.869,0.771,0.588,0.84
0.869,0.771,0.588,0.84,0.701
0.771,0.588,0.84,0.701,0.686
0.588,0.84,0.701,0.686,0.625
0.84,0.701,0.686,0.625,0.603
0.701,0.686,0.625,0.603,0.604
0.686,0.625,0.603,0.604,0.616
0.625,0.603,0.604,0.616,0.685
0.603,0.604,0.616,0.685,0.686
0.604,0.616,0.685,0.686,0.686
0.616,0.685,0.686,0.686,0.687
0.685,0.686,0.686,0.687,0.69
0.686,0.686,0.687,0.69,0.708
0.686,0.687,0.69,0.708,0.711
0.687,0.69,0.708,0.711,0.698
0.69,0.708,0.711,0.698,0.682
0.708,0.711,0.698,0.682,0.678
0.711,0.698,0.682,0.678,0.666
0.698,0.682,0.678,0.666,0.688
0.682,0.678,0.666,0.688,0.602
0.678,0.666,0.688,0.602,0.611
0.666,0.688,0.602,0.611,0.623
0.688,0.602,0.611,0.623,0.597
0.602,0.611,0.623,0.597,0.634
0.611,0.623,0.597,0.634,0.605
0.623,0.597,0.634,0.605,0.741
0.597,0.634,0.605,0.741,0.69
0.634,0.605,0.741,0.69,0.759
0.605,0.741,0.69,0.759,0.727
0.741,0.69,0.759,0.727,0.757
0.69,0.759,0.727,0.757,0.725
0.759,0.727,0.757,0.725,0.688
0.727,0.757,0.725,0.688,1.0
0.757,0.725,0.688,1.0,0.765
0.725,0.688,1.0,0.765,0.781
0.688,1.0,0.765,0.781,0.768
1.0,0.765,0.781,0.768,0.807
0.765,0.781,0.768,0.807,0.784
0.781,0.768,0.807,0.784,0.709
0.768,0.807,0.784,0.709,0.93
0.807,0.784,0.709,0.93,0.798
0.784,0.709,0.93,0.798,0.835
0.709,0.93,0.798,0.835,0.87
0.93,0.798,0.835,0.87,0.879
0.798,0.835,0.87,0.879,1.019
0.835,0.87,0.879,1.019,1.017
0.87,0.879,1.019,1.017,1.207
0.879,1.019,1.017,1.207,1.002
1.019,1.017,1.207,1.002,1.018
1.017,1.207,1.002,1.018,1.071
1.207,1.002,1.018,1.071,1.068
1.002,1.018,1.071,1.068,1.268
1.018,1.071,1.068,1.268,1.075
1.071,1.068,1.268,1.075,1.328
1.068,1.268,1.075,1.328,1.35
1.268,1.075,1.328,1.35,1.365
1.075,1.328,1.35,1.365,1.14
1.328,1.35,1.365,1.14,1.473
1.35,1.365,1.14,1.473,1.013
1.365,1.14,1.473,1.013,1.492
1.14,1.473,1.013,1.492,1.514
1.473,1.013,1.492,1.514,1.136
1.013,1.492,1.514,1.136,1.164
1.492,1.514,1.136,1.164,1.146
1.514,1.136,1.164,1.146,1.357
1.136,1.164,1.146,1.357,1.192
1.164,1.146,1.357,1.192,1.027
1.146,1.357,1.192,1.027,1.091
1.357,1.192,1.027,1.091,1.078
1.192,1.027,1.091,1.078,1.176
1.027,1.091,1.078,1.176,0.9
1.091,1.078,1.176,0.9,0.789
1.078,1.176,0.9,0.789,0.994
1.176,0.9,0.789,0.994,0.721
0.9,0.789,0.994,0.721,0.632
0.789,0.994,0.721,0.632,0.663
0.994,0.721,0.632,0.663,0.663
0.721,0.632,0.663,0.663,0.671
0.632,0.663,0.663,0.671,0.677
0.663,0.663,0.671,0.677,0.584
0.663,0.671,0.677,0.584,0.801
0.671,0.677,0.584,0.801,0.793
0.677,0.584,0.801,0.793,0.759
0.584,0.801,0.793,0.759,0.923
0.801,0.793,0.759,0.923,0.756
0.793,0.759,0.923,0.756,0.778
0.759,0.923,0.756,0.778,0.764
0.923,0.756,0.778,0.764,0.881
0.756,0.778,0.764,0.881,0.997
0.778,0.764,0.881,0.997,0.868
0.764,0.881,0.997,0.868,0.875
0.881,0.997,0.868,0.875,0.865
0.997,0.868,0.875,0.865,0.775
0.868,0.875,0.865,0.775,0.718
0.875,0.865,0.775,0.718,0.867
0.865,0.775,0.718,0.867,0.728
0.775,0.718,0.867,0.728,0.739
0.718,0.867,0.728,0.739,0.709
0.867,0.728,0.739,0.709,0.816
0.728,0.739,0.709,0.816,0.794
0.739,0.709,0.816,0.794,0.882
0.709,0.816,0.794,0.882,0.865
0.816,0.794,0.882,0.865,0.863
0.794,0.882,0.865,0.863,0.784
0.882,0.865,0.863,0.784,0.762
0.865,0.863,0.784,0.762,0.816
0.863,0.784,0.762,0.816,0.857
0.784,0.762,0.816,0.857,0.856
0.762,0.816,0.857,0.856,0.924
0.949,1.01,0.862,1.032,0.927
1.01,0.862,1.032,0.927,0.919
0.862,1.032,0.927,0.919,1.058
1.032,0.927,0.919,1.058,1.036
0.927,0.919,1.058,1.036,1.043
0.919,1.058,1.036,1.043,0.867
1.058,1.036,1.043,0.867,0.853
1.036,1.043,0.867,0.853,1.141
1.043,0.867,0.853,1.141,1.125
0.867,0.853,1.141,1.125,1.177
0.853,1.141,1.125,1.177,1.002
1.141,1.125,1.177,1.002,1.049
1.125,1.177,1.002,1.049,1.155
1.177,1.002,1.049,1.155,1.213
1.002,1.049,1.155,1.213,1.272
1.049,1.155,1.213,1.272,1.382
1.155,1.213,1.272,1.382,1.451
1.213,1.272,1.382,1.451,1.017
1.272,1.382,1.451,1.017,1.389
1.382,1.451,1.017,1.389,1.359
1.451,1.017,1.389,1.359,1.332
1.017,1.389,1.359,1.332,1.187
1.389,1.359,1.332,1.187,1.22
1.359,1.332,1.187,1.22,0.764
1.332,1.187,1.22,0.764,0.74
1.187,1.22,0.764,0.74,0.636
1.22,0.764,0.74,0.636,0.607
0.764,0.74,0.636,0.607,0.605
0.74,0.636,0.607,0.605,0.617
0.636,0.607,0.605,0.617,0.684
0.607,0.605,0.617,0.684,0.688
0.605,0.617,0.684,0.688,0.696
0.617,0.684,0.688,0.696,0.714
0.684,0.688,0.696,0.714,0.725
0.688,0.696,0.714,0.725,0.699
0.696,0.714,0.725,0.699,0.701
0.714,0.725,0.699,0.701,0.689
0.725,0.699,0.701,0.689,0.597
0.699,0.701,0.689,0.597,0.605
0.701,0.689,0.597,0.605,0.626
0.689,0.597,0.605,0.626,0.626
0.597,0.605,0.626,0.626,0.73
0.605,0.626,0.626,0.73,0.603
0.626,0.626,0.73,0.603,0.733
0.626,0.73,0.603,0.733,0.743
0.73,0.603,0.733,0.743,0.746
0.603,0.733,0.743,0.746,0.861
0.733,0.743,0.746,0.861,0.771
0.743,0.746,0.861,0.771,0.719
0.746,0.861,0.771,0.719,0.859
0.861,0.771,0.719,0.859,0.811
0.771,0.719,0.859,0.811,0.832
0.719,0.859,0.811,0.832,0.87
0.859,0.811,0.832,0.87,0.79
0.811,0.832,0.87,0.79,0.747
0.832,0.87,0.79,0.747,0.814
0.87,0.79,0.747,0.814,0.826
0.79,0.747,0.814,0.826,0.859
0.747,0.814,0.826,0.859,0.883
0.814,0.826,0.859,0.883,0.885
0.826,0.859,0.883,0.885,1.004
0.859,0.883,0.885,1.004,0.846
0.883,0.885,1.004,0.846,1.077
0.885,1.004,0.846,1.077,1.023
1.004,0.846,1.077,1.023,0.939
0.846,1.077,1.023,0.939,1.198
1.077,1.023,0.939,1.198,1.192
1.023,0.939,1.198,1.192,1.179
0.939,1.198,1.192,1.179,1.178
1.198,1.192,1.179,1.178,1.281
1.192,1.179,1.178,1.281,1.262
1.179,1.178,1.281,1.262,1.144
1.178,1.281,1.262,1.144,1.28
1.281,1.262,1.144,1.28,1.301
1.262,1.144,1.28,1.301,1.19
1.144,1.28,1.301,1.19,1.401
1.28,1.301,1.19,1.401,1.467
1.301,1.19,1.401,1.467,1.041
1.19,1.401,1.467,1.041,1.484
1.401,1.467,1.041,1.484,1.114
1.467,1.041,1.484,1.114,1.18
1.041,1.484,1.114,1.18,1.233
1.484,1.114,1.18,1.233,1.11
1.114,1.18,1.233,1.11,1.022
1.18,1.233,1.11,1.022,1.028
1.233,1.11,1.022,1.028,1.24
1.11,1.022,1.028,1.24,1.053
1.022,1.028,1.24,1.053,1.012
1.028,1.24,1.053,1.012,0.797
1.24,1.053,1.012,0.797,1.229
1.053,1.012,0.797,1.229,1.022
1.012,0.797,1.229,1.022,0.726
0.797,1.229,1.022,0.726,0.641
1.229,1.022,0.726,0.641,0.686
1.022,0.726,0.641,0.686,0.688
0.726,0.641,0.686,0.688,0.694
0.641,0.686,0.688,0.694,0.695
0.686,0.688,0.694,0.695,0.605
0.688,0.694,0.695,0.605,0.866
0.694,0.695,0.605,0.866,0.805
0.695,0.605,0.866,0.805,0.807
0.605,0.866,0.805,0.807,0.907
0.866,0.805,0.807,0.907,0.898
0.805,0.807,0.907,0.898,0.865
0.807,0.907,0.898,0.865,0.773
0.907,0.898,0.865,0.773,0.903
0.898,0.865,0.773,0.903,0.852
0.865,0.773,0.903,0.852,0.842
0.773,0.903,0.852,0.842,1.06
0.903,0.852,0.842,1.06,0.94
0.852,0.842,1.06,0.94,0.979
0.842,1.06,0.94,0.979,0.794
1.06,0.94,0.979,0.794,0.753
0.94,0.979,0.794,0.753,0.91
0.979,0.794,0.753,0.91,0.754
0.794,0.753,0.91,0.754,0.903
0.753,0.91,0.754,0.903,0.768
0.91,0.754,0.903,0.768,0.817
0.754,0.903,0.768,0.817,0.915
0.903,0.768,0.817,0.915,0.973
0.768,0.817,0.915,0.973,0.968
0.817,0.915,0.973,0.968,0.941
0.915,0.973,0.968,0.941,1.004
0.973,0.968,0.941,1.004,1.039
0.968,0.941,1.004,1.039,1.061
0.941,1.004,1.039,1.061,1.079
1.004,1.039,1.061,1.079,0.836
1.039,1.061,1.079,0.836,0.621
1.061,1.079,0.836,0.621,0.863
1.079,0.836,0.621,0.863,1.187
0.836,0.621,0.863,1.187,1.2
0.731,0.764,0.514,0.722,0.7
0.764,0.514,0.722,0.7,0.979
0.514,0.722,0.7,0.979,0.795
0.722,0.7,0.979,0.795,1.084
0.7,0.979,0.795,1.084,0.853
0.979,0.795,1.084,0.853,0.944
0.795,1.084,0.853,0.944,0.886
1.084,0.853,0.944,0.886,0.871
0.853,0.944,0.886,0.871,0.869
0.944,0.886,0.871,0.869,0.942
0.946,1.09,1.033,1.013,1.025
1.09,1.033,1.013,1.025,1.053
1.033,1.013,1.025,1.053,1.056
1.013,1.025,1.053,1.056,1.071
1.025,1.053,1.056,1.071,1.053
1.053,1.056,1.071,1.053,1.093
1.056,1.071,1.053,1.093,1.131
1.071,1.053,1.093,1.131,1.161
1.053,1.093,1.131,1.161,1.096
1.093,1.131,1.161,1.096,1.102
1.131,1.161,1.096,1.102,1.146
1.161,1.096,1.102,1.146,1.17
1.096,1.102,1.146,1.17,1.223
1.102,1.146,1.17,1.223,1.183
1.146,1.17,1.223,1.183,1.275
1.17,1.223,1.183,1.275,1.25
1.223,1.183,1.275,1.25,1.334
1.183,1.275,1.25,1.334,1.305
1.275,1.25,1.334,1.305,1.345
1.25,1.334,1.305,1.345,1.346
1.334,1.305,1.345,1.346,1.387
1.305,1.345,1.346,1.387,1.372
1.345,1.346,1.387,1.372,1.395
1.346,1.387,1.372,1.395,1.436
1.387,1.372,1.395,1.436,1.376
1.372,1.395,1.436,1.376,1.297
1.395,1.436,1.376,1.297,1.366
1.436,1.376,1.297,1.366,1.315
1.376,1.297,1.366,1.315,0.78
1.297,1.366,1.315,0.78,0.669
1.366,1.315,0.78,0.669,0.956
1.315,0.78,0.669,0.956,0.818
0.78,0.669,0.956,0.818,0.611
0.669,0.956,0.818,0.611,0.634
0.956,0.818,0.611,0.634,0.617
0.818,0.611,0.634,0.617,0.6
0.611,0.634,0.617,0.6,0.636
0.634,0.617,0.6,0.636,0.619
0.617,0.6,0.636,0.619,0.597
0.6,0.636,0.619,0.597,0.731
0.636,0.619,0.597,0.731,0.691
0.619,0.597,0.731,0.691,0.713
0.597,0.731,0.691,0.713,0.704
0.731,0.691,0.713,0.704,0.716
0.691,0.713,0.704,0.716,0.713
0.713,0.704,0.716,0.713,0.73
0.704,0.716,0.713,0.73,0.698
0.716,0.713,0.73,0.698,0.706
0.713,0.73,0.698,0.706,0.706
0.73,0.698,0.706,0.706,0.711
0.698,0.706,0.706,0.711,0.695
0.706,0.706,0.711,0.695,0.69
0.706,0.711,0.695,0.69,0.679
0.711,0.695,0.69,0.679,0.64
0.695,0.69,0.679,0.64,0.661
0.69,0.679,0.64,0.661,0.758
0.679,0.64,0.661,0.758,0.72
0.64,0.661,0.758,0.72,0.711
0.661,0.758,0.72,0.711,0.729
0.758,0.72,0.711,0.729,0.753
0.72,0.711,0.729,0.753,0.838
0.711,0.729,0.753,0.838,0.752
0.729,0.753,0.838,0.752,0.774
0.753,0.838,0.752,0.774,0.809
0.838,0.752,0.774,0.809,0.8
0.752,0.774,0.809,0.8,0.858
0.774,0.809,0.8,0.858,0.834
0.809,0.8,0.858,0.834,0.868
0.8,0.858,0.834,0.868,0.82
0.858,0.834,0.868,0.82,0.842
0.834,0.868,0.82,0.842,0.872
0.868,0.82,0.842,0.872,0.894
0.82,0.842,0.872,0.894,0.894
0.842,0.872,0.894,0.894,0.929
0.872,0.894,0.894,0.929,0.959
0.894,0.894,0.929,0.959,1.011
0.894,0.929,0.959,1.011,1.039
0.929,0.959,1.011,1.039,1.053
0.959,1.011,1.039,1.053,1.045
1.011,1.039,1.053,1.045,1.027
1.039,1.053,1.045,1.027,1.113
1.053,1.045,1.027,1.113,1.111
1.045,1.027,1.113,1.111,1.166
1.027,1.113,1.111,1.166,1.193
1.113,1.111,1.166,1.193,1.273
1.111,1.166,1.193,1.273,1.243
1.166,1.193,1.273,1.243,1.237
1.193,1.273,1.243,1.237,1.242
1.273,1.243,1.237,1.242,1.247
1.243,1.237,1.242,1.247,1.304
1.237,1.242,1.247,1.304,1.278
1.242,1.247,1.304,1.278,1.339
1.247,1.304,1.278,1.339,1.437
1.304,1.278,1.339,1.437,1.473
1.278,1.339,1.437,1.473,1.474
1.339,1.437,1.473,1.474,1.483
1.437,1.473,1.474,1.483,1.5
1.473,1.474,1.483,1.5,1.483
1.474,1.483,1.5,1.483,1.513
1.483,1.5,1.483,1.513,1.443
1.5,1.483,1.513,1.443,1.506
1.483,1.513,1.443,1.506,1.498
1.513,1.443,1.506,1.498,1.437
1.443,1.506,1.498,1.437,1.484
1.506,1.498,1.437,1.484,1.362
1.498,1.437,1.484,1.362,1.876
1.437,1.484,1.362,1.876,1.417
1.484,1.362,1.876,1.417,1.018
1.362,1.876,1.417,1.018,0.978
1.876,1.417,1.018,0.978,1.438
1.417,1.018,0.978,1.438,1.061
1.018,0.978,1.438,1.061,0.745
0.978,1.438,1.061,0.745,0.89
1.438,1.061,0.745,0.89,0.864
1.061,0.745,0.89,0.864,0.715
0.745,0.89,0.864,0.715,0.913
0.89,0.864,0.715,0.913,0.609
0.864,0.715,0.913,0.609,0.61
0.715,0.913,0.609,0.61,0.668
0.913,0.609,0.61,0.668,0.728
0.609,0.61,0.668,0.728,0.643
0.61,0.668,0.728,0.643,0.803
0.668,0.728,0.643,0.803,0.897
0.728,0.643,0.803,0.897,0.699
0.643,0.803,0.897,0.699,0.846
0.803,0.897,0.699,0.846,0.793
0.897,0.699,0.846,0.793,0.792
0.699,0.846,0.793,0.792,0.795
0.846,0.793,0.792,0.795,0.875
0.793,0.792,0.795,0.875,0.831
0.792,0.795,0.875,0.831,0.861
0.795,0.875,0.831,0.861,0.888
0.875,0.831,0.861,0.888,0.96
0.831,0.861,0.888,0.96,0.762
0.861,0.888,0.96,0.762,0.994
0.888,0.96,0.762,0.994,0.946
0.96,0.762,0.994,0.946,1.361
0.762,0.994,0.946,1.361,1.052
0.994,0.946,1.361,1.052,0.997
0.946,1.361,1.052,0.997,0.975
1.361,1.052,0.997,0.975,1.009
1.052,0.997,0.975,1.009,0.908
0.997,0.975,1.009,0.908,0.951
0.975,1.009,0.908,0.951,0.865
1.009,0.908,0.951,0.865,0.955
0.908,0.951,0.865,0.955,1.005
0.951,0.865,0.955,1.005,0.985
0.865,0.955,1.005,0.985,0.985
0.955,1.005,0.985,0.985,0.918
1.005,0.985,0.985,0.918,0.971
0.985,0.985,0.918,0.971,0.982
0.985,0.918,0.971,0.982,0.982
0.918,0.971,0.982,0.982,1.018
0.971,0.982,0.982,1.018,1.026
0.982,0.982,1.018,1.026,0.974
0.982,1.018,1.026,0.974,1.073
1.018,1.026,0.974,1.073,1.069
1.026,0.974,1.073,1.069,1.077
0.974,1.073,1.069,1.077,1.099
1.073,1.069,1.077,1.099,1.173
1.069,1.077,1.099,1.173,1.2
0.959,1.102,1.025,1.005,1.022
1.102,1.025,1.005,1.022,1.05
1.025,1.005,1.022,1.05,1.046
1.005,1.022,1.05,1.046,1.07
1.022,1.05,1.046,1.07,1.066
1.05,1.046,1.07,1.066,1.096
1.046,1.07,1.066,1.096,1.131
1.07,1.066,1.096,1.131,1.152
1.066,1.096,1.131,1.152,1.099
1.096,1.131,1.152,1.099,1.096
1.131,1.152,1.099,1.096,1.152
1.152,1.099,1.096,1.152,1.178
1.099,1.096,1.152,1.178,1.221
1.096,1.152,1.178,1.221,1.233
1.152,1.178,1.221,1.233,1.247
1.178,1.221,1.233,1.247,1.339
1.221,1.233,1.247,1.339,1.308
1.233,1.247,1.339,1.308,1.348
1.247,1.339,1.308,1.348,1.353
1.339,1.308,1.348,1.353,1.389
1.308,1.348,1.353,1.389,1.385
1.348,1.353,1.389,1.385,1.391
1.353,1.389,1.385,1.391,1.444
1.389,1.385,1.391,1.444,1.389
1.385,1.391,1.444,1.389,1.3
1.391,1.444,1.389,1.3,1.367
1.444,1.389,1.3,1.367,1.347
1.389,1.3,1.367,1.347,0.795
1.3,1.367,1.347,0.795,0.666
1.367,1.347,0.795,0.666,0.962
1.347,0.795,0.666,0.962,0.825
0.795,0.666,0.962,0.825,0.61
0.666,0.962,0.825,0.61,0.635
0.962,0.825,0.61,0.635,0.62
0.825,0.61,0.635,0.62,0.602
0.61,0.635,0.62,0.602,0.637
0.635,0.62,0.602,0.637,0.627
0.62,0.602,0.637,0.627,0.684
0.602,0.637,0.627,0.684,0.689
0.637,0.627,0.684,0.689,0.71
0.627,0.684,0.689,0.71,0.708
0.684,0.689,0.71,0.708,0.714
0.689,0.71,0.708,0.714,0.716
0.71,0.708,0.714,0.716,0.732
0.708,0.714,0.716,0.732,0.703
0.714,0.716,0.732,0.703,0.709
0.716,0.732,0.703,0.709,0.709
0.732,0.703,0.709,0.709,0.714
0.703,0.709,0.709,0.714,0.696
0.709,0.709,0.714,0.696,0.696
0.709,0.714,0.696,0.696,0.68
0.714,0.696,0.696,0.68,0.652
0.696,0.696,0.68,0.652,0.664
0.696,0.68,0.652,0.664,0.785
0.68,0.652,0.664,0.785,0.723
0.652,0.664,0.785,0.723,0.711
0.664,0.785,0.723,0.711,0.723
0.785,0.723,0.711,0.723,0.757
0.723,0.711,0.723,0.757,0.747
0.711,0.723,0.757,0.747,0.875
0.723,0.757,0.747,0.875,0.782
0.757,0.747,0.875,0.782,0.811
0.747,0.875,0.782,0.811,0.804
0.875,0.782,0.811,0.804,0.837
0.782,0.811,0.804,0.837,0.856
0.811,0.804,0.837,0.856,0.832
0.804,0.837,0.856,0.832,0.859
0.837,0.856,0.832,0.859,0.825
0.856,0.832,0.859,0.825,0.869
0.832,0.859,0.825,0.869,0.877
0.859,0.825,0.869,0.877,0.895
0.825,0.869,0.877,0.895,0.926
0.869,0.877,0.895,0.926,0.955
0.877,0.895,0.926,0.955,0.868
0.895,0.926,0.955,0.868,1.037
0.926,0.955,0.868,1.037,0.852
0.955,0.868,1.037,0.852,1.059
0.868,1.037,0.852,1.059,1.08
1.037,0.852,1.059,1.08,1.126
0.852,1.059,1.08,1.126,1.151
1.059,1.08,1.126,1.151,1.164
1.08,1.126,1.151,1.164,1.197
1.126,1.151,1.164,1.197,1.231
1.151,1.164,1.197,1.231,1.228
1.164,1.197,1.231,1.228,1.238
1.197,1.231,1.228,1.238,1.249
1.231,1.228,1.238,1.249,1.255
1.228,1.238,1.249,1.255,1.307
1.238,1.249,1.255,1.307,1.247
1.249,1.255,1.307,1.247,1.269
1.255,1.307,1.247,1.269,1.421
1.307,1.247,1.269,1.421,1.42
1.247,1.269,1.421,1.42,1.492
1.269,1.421,1.42,1.492,1.488
1.421,1.42,1.492,1.488,1.608
1.42,1.492,1.488,1.608,1.488
1.492,1.488,1.608,1.488,1.51
1.488,1.608,1.488,1.51,1.491
1.608,1.488,1.51,1.491,1.487
1.488,1.51,1.491,1.487,1.513
1.51,1.491,1.487,1.513,1.461
1.491,1.487,1.513,1.461,1.434
1.487,1.513,1.461,1.434,1.362
1.513,1.461,1.434,1.362,1.469
1.461,1.434,1.362,1.469,1.424
1.434,1.362,1.469,1.424,1.027
1.362,1.469,1.424,1.027,0.88
1.469,1.424,1.027,0.88,1.442
1.424,1.027,0.88,1.442,1.061
1.027,0.88,1.442,1.061,0.776
0.88,1.442,1.061,0.776,0.886
1.442,1.061,0.776,0.886,0.861
1.061,0.776,0.886,0.861,0.711
0.776,0.886,0.861,0.711,0.904
0.886,0.861,0.711,0.904,0.781
0.861,0.711,0.904,0.781,0.634
0.711,0.904,0.781,0.634,0.67
0.904,0.781,0.634,0.67,0.724
0.781,0.634,0.67,0.724,0.76
0.634,0.67,0.724,0.76,0.876
0.67,0.724,0.76,0.876,0.715
0.724,0.76,0.876,0.715,0.846
0.76,0.876,0.715,0.846,0.783
0.876,0.715,0.846,0.783,0.791
0.715,0.846,0.783,0.791,0.804
0.846,0.783,0.791,0.804,0.876
0.783,0.791,0.804,0.876,0.826
0.791,0.804,0.876,0.826,0.853
0.804,0.876,0.826,0.853,0.874
0.876,0.826,0.853,0.874,0.978
0.826,0.853,0.874,0.978,0.637
0.853,0.874,0.978,0.637,1.0
0.874,0.978,0.637,1.0,1.007
0.978,0.637,1.0,1.007,1.116
0.637,1.0,1.007,1.116,1.055
1.0,1.007,1.116,1.055,0.997
1.007,1.116,1.055,0.997,0.996
1.116,1.055,0.997,0.996,0.918
1.055,0.997,0.996,0.918,0.945
0.997,0.996,0.918,0.945,0.892
0.996,0.918,0.945,0.892,0.905
0.918,0.945,0.892,0.905,0.955
0.945,0.892,0.905,0.955,0.909
0.892,0.905,0.955,0.909,0.983
0.905,0.955,0.909,0.983,0.978
0.955,0.909,0.983,0.978,0.969
0.909,0.983,0.978,0.969,0.924
0.983,0.978,0.969,0.924,0.972
0.978,0.969,0.924,0.972,0.987
0.969,0.924,0.972,0.987,0.998
0.924,0.972,0.987,0.998,1.027
0.972,0.987,0.998,1.027,0.979
0.987,0.998,1.027,0.979,1.075
0.998,1.027,0.979,1.075,1.022
1.027,0.979,1.075,1.022,1.178
0.979,1.075,1.022,1.178,1.175
1.075,1.022,1.178,1.175,1.209
0.707,0.745,0.738,0.771,0.75
0.745,0.738,0.771,0.75,0.769
0.738,0.771,0.75,0.769,0.63
0.771,0.75,0.769,0.63,0.734
0.75,0.769,0.63,0.734,1.05
0.769,0.63,0.734,1.05,0.759
0.63,0.734,1.05,0.759,0.8
0.734,1.05,0.759,0.8,0.729
1.05,0.759,0.8,0.729,0.855
0.759,0.8,0.729,0.855,0.868
0.8,0.729,0.855,0.868,0.907
0.729,0.855,0.868,0.907,0.85
0.855,0.868,0.907,0.85,0.822
0.868,0.907,0.85,0.822,0.88
0.907,0.85,0.822,0.88,0.848
0.85,0.822,0.88,0.848,0.87
0.822,0.88,0.848,0.87,0.872
0.88,0.848,0.87,0.872,0.896
0.848,0.87,0.872,0.896,0.891
0.87,0.872,0.896,0.891,0.913
0.872,0.896,0.891,0.913,0.936
0.896,0.891,0.913,0.936,0.945
0.891,0.913,0.936,0.945,1.392
0.913,0.936,0.945,1.392,1.379
0.936,0.945,1.392,1.379,1.376
0.945,1.392,1.379,1.376,1.39
1.392,1.379,1.376,1.39,1.446
1.379,1.376,1.39,1.446,1.458
1.376,1.39,1.446,1.458,1.29
1.39,1.446,1.458,1.29,1.392
1.446,1.458,1.29,1.392,0.628
1.458,1.29,1.392,0.628,0.605
1.29,1.392,0.628,0.605,0.596
1.392,0.628,0.605,0.596,0.63
0.628,0.605,0.596,0.63,0.687
0.605,0.596,0.63,0.687,0.68
0.596,0.63,0.687,0.68,0.689
0.63,0.687,0.68,0.689,0.705
0.687,0.68,0.689,0.705,0.703
0.68,0.689,0.705,0.703,0.708
0.689,0.705,0.703,0.708,0.725
0.705,0.703,0.708,0.725,0.69
0.703,0.708,0.725,0.69,0.704
0.708,0.725,0.69,0.704,0.682
0.725,0.69,0.704,0.682,0.671
0.69,0.704,0.682,0.671,0.66
0.704,0.682,0.671,0.66,0.659
0.682,0.671,0.66,0.659,0.666
0.671,0.66,0.659,0.666,0.652
0.66,0.659,0.666,0.652,0.604
0.659,0.666,0.652,0.604,0.621
0.666,0.652,0.604,0.621,0.579
0.652,0.604,0.621,0.579,0.587
0.604,0.621,0.579,0.587,0.667
0.621,0.579,0.587,0.667,0.759
0.579,0.587,0.667,0.759,0.62
0.587,0.667,0.759,0.62,0.656
0.667,0.759,0.62,0.656,0.775
0.759,0.62,0.656,0.775,0.744
0.62,0.656,0.775,0.744,0.727
0.656,0.775,0.744,0.727,0.662
0.775,0.744,0.727,0.662,0.849
0.744,0.727,0.662,0.849,0.846
0.727,0.662,0.849,0.846,0.868
0.662,0.849,0.846,0.868,0.863
0.849,0.846,0.868,0.863,0.868
0.846,0.868,0.863,0.868,0.861
0.868,0.863,0.868,0.861,0.884
0.863,0.868,0.861,0.884,0.804
0.868,0.861,0.884,0.804,0.933
0.861,0.884,0.804,0.933,0.939
0.884,0.804,0.933,0.939,0.957
0.804,0.933,0.939,0.957,1.002
0.933,0.939,0.957,1.002,1.026
0.939,0.957,1.002,1.026,1.034
0.957,1.002,1.026,1.034,1.073
1.002,1.026,1.034,1.073,1.084
1.026,1.034,1.073,1.084,1.141
1.034,1.073,1.084,1.141,1.189
1.073,1.084,1.141,1.189,1.214
1.084,1.141,1.189,1.214,1.238
1.141,1.189,1.214,1.238,1.219
1.189,1.214,1.238,1.219,1.206
1.214,1.238,1.219,1.206,1.255
1.238,1.219,1.206,1.255,1.173
1.219,1.206,1.255,1.173,1.238
1.206,1.255,1.173,1.238,1.223
1.255,1.173,1.238,1.223,1.376
1.173,1.238,1.223,1.376,1.325
1.238,1.223,1.376,1.325,1.438
1.223,1.376,1.325,1.438,1.482
1.376,1.325,1.438,1.482,1.203
1.325,1.438,1.482,1.203,1.488
1.438,1.482,1.203,1.488,1.123
1.482,1.203,1.488,1.123,1.502
1.203,1.488,1.123,1.502,1.476
1.488,1.123,1.502,1.476,1.463
1.123,1.502,1.476,1.463,1.507
1.502,1.476,1.463,1.507,1.492
1.476,1.463,1.507,1.492,1.395
1.463,1.507,1.492,1.395,1.49
1.507,1.492,1.395,1.49,1.796
1.492,1.395,1.49,1.796,1.422
1.395,1.49,1.796,1.422,1.416
1.49,1.796,1.422,1.416,1.111
1.796,1.422,1.416,1.111,1.192
1.422,1.416,1.111,1.192,0.809
1.416,1.111,1.192,0.809,0.864
1.111,1.192,0.809,0.864,0.695
1.192,0.809,0.864,0.695,0.873
0.809,0.864,0.695,0.873,0.665
0.864,0.695,0.873,0.665,0.689
0.695,0.873,0.665,0.689,0.766
0.873,0.665,0.689,0.766,0.366
0.665,0.689,0.766,0.366,0.745
0.689,0.766,0.366,0.745,0.793
0.766,0.366,0.745,0.793,0.809
0.366,0.745,0.793,0.809,0.821
0.745,0.793,0.809,0.821,0.833
0.793,0.809,0.821,0.833,0.822
0.809,0.821,0.833,0.822,0.988
0.821,0.833,0.822,0.988,0.932
0.833,0.822,0.988,0.932,0.989
0.822,0.988,0.932,0.989,2.317
0.988,0.932,0.989,2.317,0.987
0.932,0.989,2.317,0.987,0.984
0.989,2.317,0.987,0.984,0.884
2.317,0.987,0.984,0.884,0.946
0.987,0.984,0.884,0.946,0.926
0.984,0.884,0.946,0.926,0.871
0.884,0.946,0.926,0.871,0.94
0.946,0.926,0.871,0.94,0.983
0.926,0.871,0.94,0.983,0.943
0.871,0.94,0.983,0.943,0.921
0.94,0.983,0.943,0.921,0.968
0.983,0.943,0.921,0.968,0.937
0.943,0.921,0.968,0.937,0.921
0.921,0.968,0.937,0.921,0.97
0.968,0.937,0.921,0.97,0.947
0.937,0.921,0.97,0.947,0.979
0.921,0.97,0.947,0.979,1.024
0.97,0.947,0.979,1.024,1.059
0.947,0.979,1.024,1.059,1.065
0.979,1.024,1.059,1.065,1.152
1.024,1.059,1.065,1.152,1.121
1.059,1.065,1.152,1.121,1.193
1.065,1.152,1.121,1.193,1.202
0.945,0.984,0.979,1.05,1.04
0.984,0.979,1.05,1.04,1.032
0.979,1.05,1.04,1.032,1.093
1.05,1.04,1.032,1.093,1.187
1.04,1.032,1.093,1.187,1.095
1.032,1.093,1.187,1.095,1.239
1.093,1.187,1.095,1.239,1.211
1.187,1.095,1.239,1.211,1.31
1.095,1.239,1.211,1.31,1.363
1.239,1.211,1.31,1.363,1.367
1.211,1.31,1.363,1.367,1.361
1.31,1.363,1.367,1.361,1.404
1.363,1.367,1.361,1.404,1.446
1.367,1.361,1.404,1.446,1.458
1.361,1.404,1.446,1.458,1.245
1.404,1.446,1.458,1.245,1.245
1.446,1.458,1.245,1.245,1.384
1.458,1.245,1.245,1.384,0.741
1.245,1.245,1.384,0.741,0.627
1.245,1.384,0.741,0.627,0.684
1.384,0.741,0.627,0.684,0.748
0.741,0.627,0.684,0.748,0.599
0.627,0.684,0.748,0.599,0.687
0.684,0.748,0.599,0.687,0.7
0.748,0.599,0.687,0.7,0.701
0.599,0.687,0.7,0.701,0.704
0.687,0.7,0.701,0.704,0.702
0.7,0.701,0.704,0.702,0.682
0.701,0.704,0.702,0.682,0.691
0.704,0.702,0.682,0.691,0.683
0.702,0.682,0.691,0.683,0.652
0.682,0.691,0.683,0.652,0.66
0.691,0.683,0.652,0.66,0.655
0.683,0.652,0.66,0.655,0.694
0.652,0.66,0.655,0.694,0.687
0.66,0.655,0.694,0.687,0.719
0.655,0.694,0.687,0.719,0.776
0.694,0.687,0.719,0.776,0.766
0.687,0.719,0.776,0.766,0.759
0.719,0.776,0.766,0.759,0.781
0.776,0.766,0.759,0.781,0.848
0.766,0.759,0.781,0.848,0.876
0.759,0.781,0.848,0.876,0.852
0.781,0.848,0.876,0.852,0.853
0.848,0.876,0.852,0.853,0.908
0.876,0.852,0.853,0.908,0.896
0.852,0.853,0.908,0.896,0.917
0.853,0.908,0.896,0.917,0.982
0.908,0.896,0.917,0.982,1.016
0.896,0.917,0.982,1.016,1.035
0.917,0.982,1.016,1.035,1.163
0.982,1.016,1.035,1.163,1.185
1.016,1.035,1.163,1.185,1.129
1.035,1.163,1.185,1.129,1.171
1.163,1.185,1.129,1.171,1.225
1.185,1.129,1.171,1.225,1.242
1.129,1.171,1.225,1.242,1.307
1.171,1.225,1.242,1.307,1.39
1.225,1.242,1.307,1.39,1.411
1.242,1.307,1.39,1.411,1.44
1.307,1.39,1.411,1.44,1.479
1.39,1.411,1.44,1.479,1.454
1.411,1.44,1.479,1.454,1.464
1.44,1.479,1.454,1.464,1.234
1.479,1.454,1.464,1.234,1.52
1.454,1.464,1.234,1.52,1.421
1.464,1.234,1.52,1.421,1.459
1.234,1.52,1.421,1.459,1.463
1.52,1.421,1.459,1.463,1.467
1.421,1.459,1.463,1.467,1.435
1.459,1.463,1.467,1.435,1.478
1.463,1.467,1.435,1.478,1.158
1.467,1.435,1.478,1.158,0.747
1.435,1.478,1.158,0.747,0.816
1.478,1.158,0.747,0.816,0.743
1.158,0.747,0.816,0.743,0.656
0.747,0.816,0.743,0.656,0.656
0.816,0.743,0.656,0.656,0.739
0.743,0.656,0.656,0.739,0.77
0.656,0.656,0.739,0.77,0.767
0.656,0.739,0.77,0.767,0.793
0.739,0.77,0.767,0.793,0.835
0.77,0.767,0.793,0.835,0.832
0.767,0.793,0.835,0.832,0.989
0.793,0.835,0.832,0.989,1.014
0.835,0.832,0.989,1.014,1.093
0.832,0.989,1.014,1.093,0.982
0.989,1.014,1.093,0.982,0.928
1.014,1.093,0.982,0.928,0.937
1.093,0.982,0.928,0.937,0.859
0.982,0.928,0.937,0.859,0.874
0.928,0.937,0.859,0.874,0.917
0.937,0.859,0.874,0.917,0.936
0.859,0.874,0.917,0.936,0.987
0.874,0.917,0.936,0.987,0.986
0.917,0.936,0.987,0.986,0.958
0.936,0.987,0.986,0.958,0.941
0.987,0.986,0.958,0.941,1.032
0.986,0.958,0.941,1.032,1.106
0.958,0.941,1.032,1.106,0.943
0.941,1.032,1.106,0.943,1.07
1.032,1.106,0.943,1.07,1.19
0.931,0.976,1.004,1.05,1.044
0.976,1.004,1.05,1.044,1.048
1.004,1.05,1.044,1.048,1.091
1.05,1.044,1.048,1.091,1.188
1.044,1.048,1.091,1.188,1.033
1.048,1.091,1.188,1.033,1.242
1.091,1.188,1.033,1.242,1.21
1.188,1.033,1.242,1.21,1.318
1.033,1.242,1.21,1.318,1.367
1.242,1.21,1.318,1.367,1.357
1.21,1.318,1.367,1.357,1.348
1.318,1.367,1.357,1.348,1.406
1.367,1.357,1.348,1.406,1.445
1.357,1.348,1.406,1.445,1.455
1.348,1.406,1.445,1.455,1.257
1.406,1.445,1.455,1.257,1.249
1.445,1.455,1.257,1.249,1.377
1.455,1.257,1.249,1.377,0.739
1.257,1.249,1.377,0.739,0.623
1.249,1.377,0.739,0.623,0.685
1.377,0.739,0.623,0.685,0.597
0.739,0.623,0.685,0.597,0.644
0.623,0.685,0.597,0.644,0.626
0.685,0.597,0.644,0.626,0.688
0.597,0.644,0.626,0.688,0.699
0.644,0.626,0.688,0.699,0.695
0.626,0.688,0.699,0.695,0.698
0.688,0.699,0.695,0.698,0.701
0.699,0.695,0.698,0.701,0.682
0.695,0.698,0.701,0.682,0.69
0.698,0.701,0.682,0.69,0.683
0.701,0.682,0.69,0.683,0.652
0.682,0.69,0.683,0.652,0.643
0.69,0.683,0.652,0.643,0.656
0.683,0.652,0.643,0.656,0.719
0.652,0.643,0.656,0.719,0.705
0.643,0.656,0.719,0.705,0.765
0.656,0.719,0.705,0.765,0.799
0.719,0.705,0.765,0.799,0.76
0.705,0.765,0.799,0.76,0.766
0.765,0.799,0.76,0.766,0.81
0.799,0.76,0.766,0.81,0.853
0.76,0.766,0.81,0.853,0.88
0.766,0.81,0.853,0.88,0.853
0.81,0.853,0.88,0.853,0.853
0.853,0.88,0.853,0.853,0.9
0.88,0.853,0.853,0.9,0.901
0.853,0.853,0.9,0.901,0.92
0.853,0.9,0.901,0.92,0.987
0.9,0.901,0.92,0.987,1.015
0.901,0.92,0.987,1.015,1.035
0.92,0.987,1.015,1.035,1.153
0.987,1.015,1.035,1.153,1.162
1.015,1.035,1.153,1.162,1.207
1.035,1.153,1.162,1.207,1.139
1.153,1.162,1.207,1.139,1.132
1.162,1.207,1.139,1.132,1.195
1.207,1.139,1.132,1.195,1.256
1.139,1.132,1.195,1.256,1.277
1.132,1.195,1.256,1.277,1.392
1.195,1.256,1.277,1.392,1.42
1.256,1.277,1.392,1.42,1.453
1.277,1.392,1.42,1.453,1.499
1.392,1.42,1.453,1.499,1.453
1.42,1.453,1.499,1.453,1.474
1.453,1.499,1.453,1.474,1.372
1.499,1.453,1.474,1.372,1.529
1.453,1.474,1.372,1.529,1.421
1.474,1.372,1.529,1.421,1.236
1.372,1.529,1.421,1.236,1.575
1.529,1.421,1.236,1.575,1.471
1.421,1.236,1.575,1.471,1.806
1.236,1.575,1.471,1.806,1.276
1.575,1.471,1.806,1.276,0.849
1.471,1.806,1.276,0.849,0.875
1.806,1.276,0.849,0.875,0.741
1.276,0.849,0.875,0.741,0.659
0.849,0.875,0.741,0.659,0.659
0.875,0.741,0.659,0.659,0.684
0.741,0.659,0.659,0.684,0.747
0.659,0.659,0.684,0.747,0.777
0.659,0.684,0.747,0.777,0.76
0.684,0.747,0.777,0.76,0.794
0.747,0.777,0.76,0.794,0.871
0.777,0.76,0.794,0.871,0.836
0.76,0.794,0.871,0.836,0.85
0.794,0.871,0.836,0.85,0.969
0.871,0.836,0.85,0.969,1.042
0.836,0.85,0.969,1.042,1.093
0.85,0.969,1.042,1.093,0.982
0.969,1.042,1.093,0.982,0.901
1.042,1.093,0.982,0.901,0.919
1.093,0.982,0.901,0.919,0.941
0.982,0.901,0.919,0.941,0.933
0.901,0.919,0.941,0.933,0.872
0.919,0.941,0.933,0.872,0.875
0.941,0.933,0.872,0.875,0.913
0.933,0.872,0.875,0.913,0.966
0.872,0.875,0.913,0.966,0.982
0.875,0.913,0.966,0.982,0.989
0.913,0.966,0.982,0.989,0.954
0.966,0.982,0.989,0.954,0.976
0.982,0.989,0.954,0.976,1.089
0.989,0.954,0.976,1.089,1.079
0.954,0.976,1.089,1.079,1.109
0.976,1.089,1.079,1.109,0.953
1.089,1.079,1.109,0.953,1.171
0.936,0.953,0.984,1.062,1.054
0.953,0.984,1.062,1.054,1.081
0.984,1.062,1.054,1.081,1.189
1.062,1.054,1.081,1.189,1.234
1.054,1.081,1.189,1.234,1.323
1.081,1.189,1.234,1.323,1.337
1.189,1.234,1.323,1.337,1.374
1.234,1.323,1.337,1.374,1.333
1.323,1.337,1.374,1.333,1.214
1.337,1.374,1.333,1.214,1.311
1.374,1.333,1.214,1.311,1.226
1.333,1.214,1.311,1.226,1.243
1.214,1.311,1.226,1.243,0.703
1.311,1.226,1.243,0.703,0.748
1.226,1.243,0.703,0.748,0.662
1.243,0.703,0.748,0.662,0.686
0.703,0.748,0.662,0.686,0.693
0.748,0.662,0.686,0.693,0.698
0.662,0.686,0.693,0.698,0.705
0.686,0.693,0.698,0.705,0.723
0.693,0.698,0.705,0.723,0.696
0.698,0.705,0.723,0.696,0.676
0.705,0.723,0.696,0.676,0.652
0.723,0.696,0.676,0.652,0.644
0.696,0.676,0.652,0.644,0.666
0.676,0.652,0.644,0.666,0.77
0.652,0.644,0.666,0.77,0.753
0.644,0.666,0.77,0.753,0.77
0.666,0.77,0.753,0.77,0.798
0.77,0.753,0.77,0.798,0.87
0.753,0.77,0.798,0.87,0.867
0.77,0.798,0.87,0.867,0.869
0.798,0.87,0.867,0.869,0.907
0.87,0.867,0.869,0.907,0.951
0.867,0.869,0.907,0.951,1.055
0.869,0.907,0.951,1.055,1.166
0.907,0.951,1.055,1.166,1.242
0.951,1.055,1.166,1.242,1.269
1.055,1.166,1.242,1.269,1.289
1.166,1.242,1.269,1.289,1.283
1.242,1.269,1.289,1.283,1.303
1.269,1.289,1.283,1.303,1.431
1.289,1.283,1.303,1.431,1.434
1.283,1.303,1.431,1.434,1.39
1.303,1.431,1.434,1.39,1.503
1.431,1.434,1.39,1.503,1.531
1.434,1.39,1.503,1.531,1.478
1.39,1.503,1.531,1.478,1.087
1.503,1.531,1.478,1.087,1.339
1.531,1.478,1.087,1.339,0.984
1.478,1.087,1.339,0.984,0.747
1.087,1.339,0.984,0.747,0.744
1.339,0.984,0.747,0.744,0.807
0.984,0.747,0.744,0.807,0.762
0.747,0.744,0.807,0.762,0.785
0.744,0.807,0.762,0.785,0.828
0.807,0.762,0.785,0.828,0.84
0.762,0.785,0.828,0.84,0.835
0.785,0.828,0.84,0.835,0.949
0.828,0.84,0.835,0.949,0.996
0.84,0.835,0.949,0.996,0.922
0.835,0.949,0.996,0.922,0.847
0.949,0.996,0.922,0.847,0.866
0.996,0.922,0.847,0.866,0.915
0.922,0.847,0.866,0.915,0.952
0.847,0.866,0.915,0.952,0.978
0.866,0.915,0.952,0.978,0.992
0.915,0.952,0.978,0.992,1.04
0.952,0.978,0.992,1.04,1.151
0.927,0.946,0.979,1.057,1.038
0.946,0.979,1.057,1.038,1.16
0.979,1.057,1.038,1.16,1.198
1.057,1.038,1.16,1.198,1.165
1.038,1.16,1.198,1.165,1.328
1.16,1.198,1.165,1.328,1.381
1.198,1.165,1.328,1.381,1.314
1.165,1.328,1.381,1.314,1.423
1.328,1.381,1.314,1.423,1.347
1.381,1.314,1.423,1.347,0.809
1.314,1.423,1.347,0.809,0.855
1.423,1.347,0.809,0.855,0.561
1.347,0.809,0.855,0.561,0.662
0.809,0.855,0.561,0.662,0.669
0.855,0.561,0.662,0.669,0.692
0.561,0.662,0.669,0.692,0.7
0.662,0.669,0.692,0.7,0.697
0.669,0.692,0.7,0.697,0.7
0.692,0.7,0.697,0.7,0.677
0.7,0.697,0.7,0.677,0.678
0.697,0.7,0.677,0.678,0.67
0.7,0.677,0.678,0.67,0.651
0.677,0.678,0.67,0.651,0.659
0.678,0.67,0.651,0.659,0.632
0.67,0.651,0.659,0.632,0.766
0.651,0.659,0.632,0.766,0.778
0.659,0.632,0.766,0.778,0.768
0.632,0.766,0.778,0.768,0.994
0.957,0.982,1.024,1.035,0.925
0.982,1.024,1.035,0.925,1.089
1.024,1.035,0.925,1.089,1.047
1.035,0.925,1.089,1.047,1.114
0.925,1.089,1.047,1.114,1.136
1.089,1.047,1.114,1.136,1.201
1.047,1.114,1.136,1.201,1.214
1.114,1.136,1.201,1.214,1.232
1.136,1.201,1.214,1.232,1.232
1.201,1.214,1.232,1.232,1.298
1.214,1.232,1.232,1.298,1.35
1.232,1.232,1.298,1.35,1.398
1.232,1.298,1.35,1.398,1.383
1.298,1.35,1.398,1.383,1.393
1.35,1.398,1.383,1.393,1.441
1.398,1.383,1.393,1.441,1.427
1.383,1.393,1.441,1.427,1.337
1.393,1.441,1.427,1.337,1.302
1.441,1.427,1.337,1.302,1.238
1.427,1.337,1.302,1.238,0.905
1.337,1.302,1.238,0.905,0.773
1.302,1.238,0.905,0.773,0.753
1.238,0.905,0.773,0.753,0.771
0.905,0.773,0.753,0.771,0.597
0.773,0.753,0.771,0.597,0.571
0.753,0.771,0.597,0.571,0.627
0.771,0.597,0.571,0.627,0.676
0.597,0.571,0.627,0.676,0.689
0.571,0.627,0.676,0.689,0.692
0.627,0.676,0.689,0.692,0.682
0.676,0.689,0.692,0.682,0.712
0.689,0.692,0.682,0.712,0.688
0.692,0.682,0.712,0.688,0.672
0.682,0.712,0.688,0.672,0.662
0.712,0.688,0.672,0.662,0.655
0.688,0.672,0.662,0.655,0.644
0.672,0.662,0.655,0.644,0.638
0.662,0.655,0.644,0.638,0.688
0.655,0.644,0.638,0.688,0.776
0.644,0.638,0.688,0.776,0.774
0.638,0.688,0.776,0.774,0.756
0.688,0.776,0.774,0.756,0.759
0.776,0.774,0.756,0.759,0.768
0.774,0.756,0.759,0.768,0.775
0.756,0.759,0.768,0.775,0.845
0.759,0.768,0.775,0.845,0.844
0.768,0.775,0.845,0.844,0.913
0.775,0.845,0.844,0.913,0.853
0.845,0.844,0.913,0.853,0.879
0.844,0.913,0.853,0.879,0.896
0.913,0.853,0.879,0.896,1.035
0.853,0.879,0.896,1.035,1.037
0.879,0.896,1.035,1.037,1.056
0.896,1.035,1.037,1.056,1.034
1.035,1.037,1.056,1.034,1.076
1.037,1.056,1.034,1.076,1.157
1.056,1.034,1.076,1.157,1.164
1.034,1.076,1.157,1.164,1.207
1.076,1.157,1.164,1.207,1.172
1.157,1.164,1.207,1.172,1.164
1.164,1.207,1.172,1.164,1.233
1.207,1.172,1.164,1.233,1.251
1.172,1.164,1.233,1.251,1.229
1.164,1.233,1.251,1.229,1.288
1.233,1.251,1.229,1.288,1.573
1.251,1.229,1.288,1.573,1.402
1.229,1.288,1.573,1.402,1.436
1.288,1.573,1.402,1.436,1.451
1.573,1.402,1.436,1.451,1.437
1.402,1.436,1.451,1.437,1.474
1.436,1.451,1.437,1.474,1.482
1.451,1.437,1.474,1.482,1.505
1.437,1.474,1.482,1.505,1.432
1.474,1.482,1.505,1.432,1.509
1.482,1.505,1.432,1.509,1.152
1.505,1.432,1.509,1.152,1.128
1.432,1.509,1.152,1.128,1.001
1.509,1.152,1.128,1.001,1.018
1.152,1.128,1.001,1.018,1.068
1.128,1.001,1.018,1.068,1.198
1.001,1.018,1.068,1.198,0.748
1.018,1.068,1.198,0.748,0.924
1.068,1.198,0.748,0.924,0.603
1.198,0.748,0.924,0.603,0.639
0.748,0.924,0.603,0.639,0.661
0.924,0.603,0.639,0.661,0.718
0.603,0.639,0.661,0.718,0.621
0.639,0.661,0.718,0.621,0.576
0.661,0.718,0.621,0.576,0.754
0.718,0.621,0.576,0.754,0.742
0.621,0.576,0.754,0.742,0.753
0.576,0.754,0.742,0.753,0.778
0.754,0.742,0.753,0.778,0.838
0.742,0.753,0.778,0.838,0.847
0.753,0.778,0.838,0.847,0.838
0.778,0.838,0.847,0.838,0.925
0.838,0.847,0.838,0.925,1.005
0.847,0.838,0.925,1.005,0.993
0.838,0.925,1.005,0.993,0.984
0.925,1.005,0.993,0.984,0.94
1.005,0.993,0.984,0.94,0.918
0.993,0.984,0.94,0.918,0.857
0.984,0.94,0.918,0.857,0.85
0.94,0.918,0.857,0.85,0.909
0.918,0.857,0.85,0.909,0.939
0.857,0.85,0.909,0.939,0.892
0.85,0.909,0.939,0.892,0.904
0.909,0.939,0.892,0.904,0.953
0.939,0.892,0.904,0.953,0.921
0.892,0.904,0.953,0.921,1.01
0.904,0.953,0.921,1.01,1.027
0.953,0.921,1.01,1.027,0.996
0.921,1.01,1.027,0.996,1.077
1.01,1.027,0.996,1.077,0.969
1.027,0.996,1.077,0.969,1.148
0.996,1.077,0.969,1.148,1.136
1.077,0.969,1.148,1.136,1.173
0.895,0.939,1.027,1.028,1.149
0.939,1.027,1.028,1.149,1.182
1.027,1.028,1.149,1.182,1.162
1.028,1.149,1.182,1.162,1.299
1.149,1.182,1.162,1.299,1.392
1.182,1.162,1.299,1.392,1.289
1.162,1.299,1.392,1.289,1.432
1.299,1.392,1.289,1.432,0.73
1.392,1.289,1.432,0.73,0.702
1.289,1.432,0.73,0.702,0.665
1.432,0.73,0.702,0.665,0.595
0.73,0.702,0.665,0.595,0.554
0.702,0.665,0.595,0.554,0.609
0.665,0.595,0.554,0.609,0.652
0.595,0.554,0.609,0.652,0.688
0.554,0.609,0.652,0.688,0.691
0.609,0.652,0.688,0.691,0.676
0.652,0.688,0.691,0.676,0.671
0.688,0.691,0.676,0.671,0.672
0.691,0.676,0.671,0.672,0.663
0.676,0.671,0.672,0.663,0.656
0.671,0.672,0.663,0.656,0.645
0.672,0.663,0.656,0.645,0.642
0.663,0.656,0.645,0.642,0.634
0.656,0.645,0.642,0.634,0.778
0.645,0.642,0.634,0.778,0.758
0.642,0.634,0.778,0.758,0.773
0.634,0.778,0.758,0.773,0.783
0.778,0.758,0.773,0.783,0.844
0.758,0.773,0.783,0.844,0.806
0.773,0.783,0.844,0.806,0.813
0.783,0.844,0.806,0.813,0.854
0.844,0.806,0.813,0.854,0.898
0.806,0.813,0.854,0.898,1.043
0.813,0.854,0.898,1.043,1.072
0.854,0.898,1.043,1.072,1.216
0.898,1.043,1.072,1.216,1.127
1.043,1.072,1.216,1.127,1.163
1.072,1.216,1.127,1.163,1.249
1.216,1.127,1.163,1.249,1.165
1.127,1.163,1.249,1.165,1.265
1.163,1.249,1.165,1.265,1.235
1.249,1.165,1.265,1.235,1.278
1.165,1.265,1.235,1.278,1.387
1.265,1.235,1.278,1.387,1.428
1.235,1.278,1.387,1.428,1.457
1.278,1.387,1.428,1.457,1.454
1.387,1.428,1.457,1.454,1.403
1.428,1.457,1.454,1.403,1.54
1.457,1.454,1.403,1.54,1.518
1.454,1.403,1.54,1.518,1.343
1.403,1.54,1.518,1.343,1.12
1.54,1.518,1.343,1.12,1.036
1.518,1.343,1.12,1.036,1.063
1.343,1.12,1.036,1.063,1.035
1.12,1.036,1.063,1.035,0.681
1.036,1.063,1.035,0.681,0.746
0.875,1.022,1.032,0.999,1.159
1.022,1.032,0.999,1.159,1.305
1.032,0.999,1.159,1.305,0.742
0.999,1.159,1.305,0.742,0.605
1.159,1.305,0.742,0.605,0.634
1.305,0.742,0.605,0.634,0.667
0.742,0.605,0.634,0.667,0.716
0.605,0.634,0.667,0.716,0.677
0.634,0.667,0.716,0.677,0.645
0.667,0.716,0.677,0.645,0.638
0.716,0.677,0.645,0.638,0.592
0.677,0.645,0.638,0.592,0.814
0.645,0.638,0.592,0.814,0.783
0.638,0.592,0.814,0.783,0.771
0.592,0.814,0.783,0.771,0.813
0.814,0.783,0.771,0.813,0.861
0.783,0.771,0.813,0.861,0.843
0.771,0.813,0.861,0.843,1.174
0.813,0.861,0.843,1.174,1.166
0.861,0.843,1.174,1.166,1.137
0.843,1.174,1.166,1.137,1.443
1.174,1.166,1.137,1.443,1.262
1.166,1.137,1.443,1.262,1.085
1.137,1.443,1.262,1.085,1.236
1.443,1.262,1.085,1.236,0.917
1.262,1.085,1.236,0.917,1.033
1.085,1.236,0.917,1.033,0.688
1.236,0.917,1.033,0.688,0.622
0.917,1.033,0.688,0.622,0.668
1.033,0.688,0.622,0.668,0.684
0.688,0.622,0.668,0.684,0.757
0.622,0.668,0.684,0.757,0.753
0.668,0.684,0.757,0.753,0.86
0.684,0.757,0.753,0.86,0.904
0.757,0.753,0.86,0.904,0.742
0.753,0.86,0.904,0.742,0.801
0.86,0.904,0.742,0.801,0.881
0.904,0.742,0.801,0.881,0.736
0.742,0.801,0.881,0.736,0.887
0.801,0.881,0.736,0.887,0.878
0.865,0.825,1.005,1.017,1.152
0.825,1.005,1.017,1.152,1.201
1.005,1.017,1.152,1.201,1.219
1.017,1.152,1.201,1.219,0.562
1.152,1.201,1.219,0.562,0.69
1.201,1.219,0.562,0.69,0.711
1.219,0.562,0.69,0.711,0.684
0.562,0.69,0.711,0.684,0.64
0.69,0.711,0.684,0.64,0.77
0.711,0.684,0.64,0.77,0.616
0.684,0.64,0.77,0.616,0.742
0.64,0.77,0.616,0.742,0.794
0.77,0.616,0.742,0.794,0.765
0.616,0.742,0.794,0.765,0.892
0.742,0.794,0.765,0.892,0.847
0.794,0.765,0.892,0.847,1.184
0.765,0.892,0.847,1.184,1.209
0.892,0.847,1.184,1.209,1.132
0.847,1.184,1.209,1.132,1.439
1.184,1.209,1.132,1.439,1.27
1.209,1.132,1.439,1.27,1.032
1.132,1.439,1.27,1.032,0.562
1.439,1.27,1.032,0.562,0.574
1.27,1.032,0.562,0.574,1.013
1.032,0.562,0.574,1.013,0.587
0.562,0.574,1.013,0.587,0.677
0.574,1.013,0.587,0.677,1.004
1.013,0.587,0.677,1.004,0.9
0.587,0.677,1.004,0.9,0.793
0.677,1.004,0.9,0.793,0.736
1.004,0.9,0.793,0.736,0.877
0.9,0.793,0.736,0.877,0.827
0.793,0.736,0.877,0.827,0.847
0.736,0.877,0.827,0.847,0.77
0.877,0.827,0.847,0.77,0.888
0.827,0.847,0.77,0.888,0.876
0.859,1.053,1.067,1.199,1.194
1.053,1.067,1.199,1.194,1.254
1.067,1.199,1.194,1.254,1.141
1.199,1.194,1.254,1.141,1.181
1.194,1.254,1.141,1.181,0.554
1.254,1.141,1.181,0.554,0.613
1.141,1.181,0.554,0.613,0.618
1.181,0.554,0.613,0.618,0.683
0.554,0.613,0.618,0.683,0.695
0.613,0.618,0.683,0.695,0.704
0.618,0.683,0.695,0.704,0.671
0.683,0.695,0.704,0.671,0.629
0.695,0.704,0.671,0.629,0.656
0.704,0.671,0.629,0.656,0.707
0.671,0.629,0.656,0.707,0.8
0.629,0.656,0.707,0.8,0.813
0.656,0.707,0.8,0.813,0.879
0.707,0.8,0.813,0.879,0.853
0.8,0.813,0.879,0.853,1.19
0.813,0.879,0.853,1.19,0.988
0.879,0.853,1.19,0.988,1.256
0.853,1.19,0.988,1.256,1.178
1.19,0.988,1.256,1.178,1.442
0.988,1.256,1.178,1.442,1.479
1.256,1.178,1.442,1.479,1.198
1.178,1.442,1.479,1.198,1.0
1.442,1.479,1.198,1.0,0.561
1.479,1.198,1.0,0.561,1.362
1.198,1.0,0.561,1.362,0.55
1.0,0.561,1.362,0.55,0.677
0.561,1.362,0.55,0.677,0.86
1.362,0.55,0.677,0.86,0.894
0.55,0.677,0.86,0.894,0.876
0.677,0.86,0.894,0.876,0.798
0.86,0.894,0.876,0.798,0.818
0.894,0.876,0.798,0.818,0.902
0.876,0.798,0.818,0.902,0.863
0.798,0.818,0.902,0.863,0.76
0.818,0.902,0.863,0.76,0.895
0.902,0.863,0.76,0.895,0.879
0.941,1.397,1.299,0.674,0.765
1.397,1.299,0.674,0.765,1.239
1.299,0.674,0.765,1.239,1.464
0.674,0.765,1.239,1.464,1.423
0.765,1.239,1.464,1.423,0.957
1.239,1.464,1.423,0.957,1.022
1.464,1.423,0.957,1.022,0.83
0.944,1.009,0.945,1.069,1.036
1.009,0.945,1.069,1.036,1.068
0.945,1.069,1.036,1.068,1.159
1.069,1.036,1.068,1.159,1.221
1.036,1.068,1.159,1.221,1.197
1.068,1.159,1.221,1.197,1.372
1.159,1.221,1.197,1.372,1.343
1.221,1.197,1.372,1.343,1.312
1.197,1.372,1.343,1.312,1.435
1.372,1.343,1.312,1.435,1.35
1.343,1.312,1.435,1.35,1.295
1.312,1.435,1.35,1.295,1.354
1.435,1.35,1.295,1.354,1.343
1.35,1.295,1.354,1.343,0.911
1.295,1.354,1.343,0.911,0.882
1.354,1.343,0.911,0.882,0.609
1.343,0.911,0.882,0.609,0.568
0.911,0.882,0.609,0.568,0.588
0.882,0.609,0.568,0.588,0.676
0.609,0.568,0.588,0.676,0.683
0.568,0.588,0.676,0.683,0.674
0.588,0.676,0.683,0.674,0.706
0.676,0.683,0.674,0.706,0.72
0.683,0.674,0.706,0.72,0.635
0.674,0.706,0.72,0.635,0.681
0.706,0.72,0.635,0.681,0.651
0.72,0.635,0.681,0.651,0.698
0.635,0.681,0.651,0.698,0.749
0.681,0.651,0.698,0.749,0.761
0.651,0.698,0.749,0.761,0.766
0.698,0.749,0.761,0.766,0.81
0.749,0.761,0.766,0.81,0.819
0.761,0.766,0.81,0.819,0.756
0.766,0.81,0.819,0.756,0.84
0.81,0.819,0.756,0.84,0.894
0.819,0.756,0.84,0.894,1.002
0.756,0.84,0.894,1.002,1.028
0.84,0.894,1.002,1.028,1.118
0.894,1.002,1.028,1.118,1.116
1.002,1.028,1.118,1.116,1.228
1.028,1.118,1.116,1.228,1.228
1.118,1.116,1.228,1.228,1.253
1.116,1.228,1.228,1.253,1.24
1.228,1.228,1.253,1.24,1.314
1.228,1.253,1.24,1.314,1.346
1.253,1.24,1.314,1.346,1.412
1.24,1.314,1.346,1.412,1.475
1.314,1.346,1.412,1.475,1.51
1.346,1.412,1.475,1.51,1.479
1.412,1.475,1.51,1.479,1.424
1.475,1.51,1.479,1.424,1.5
1.51,1.479,1.424,1.5,1.062
1.479,1.424,1.5,1.062,1.318
1.424,1.5,1.062,1.318,0.906
1.5,1.062,1.318,0.906,0.713
1.062,1.318,0.906,0.713,0.657
1.318,0.906,0.713,0.657,0.654
0.906,0.713,0.657,0.654,0.66
0.713,0.657,0.654,0.66,0.564
0.657,0.654,0.66,0.564,0.773
0.654,0.66,0.564,0.773,0.83
0.66,0.564,0.773,0.83,0.832
0.564,0.773,0.83,0.832,0.933
0.773,0.83,0.832,0.933,0.985
0.83,0.832,0.933,0.985,1.005
0.832,0.933,0.985,1.005,0.97
0.933,0.985,1.005,0.97,0.984
0.985,1.005,0.97,0.984,0.939
1.005,0.97,0.984,0.939,0.991
0.97,0.984,0.939,0.991,0.925
0.984,0.939,0.991,0.925,0.876
0.939,0.991,0.925,0.876,0.904
0.991,0.925,0.876,0.904,0.749
0.925,0.876,0.904,0.749,0.948
0.876,0.904,0.749,0.948,0.954
0.904,0.749,0.948,0.954,0.96
0.749,0.948,0.954,0.96,0.966
0.948,0.954,0.96,0.966,0.992
0.954,0.96,0.966,0.992,1.135
0.93,0.926,1.056,1.183,1.262
0.926,1.056,1.183,1.262,1.353
1.056,1.183,1.262,1.353,1.029
1.183,1.262,1.353,1.029,0.591
1.262,1.353,1.029,0.591,0.672
1.353,1.029,0.591,0.672,0.688
1.029,0.591,0.672,0.688,0.7
0.591,0.672,0.688,0.7,0.693
0.672,0.688,0.7,0.693,0.75
0.688,0.7,0.693,0.75,0.76
0.7,0.693,0.75,0.76,0.818
0.693,0.75,0.76,0.818,0.897
0.75,0.76,0.818,0.897,0.993
0.76,0.818,0.897,0.993,1.111
0.818,0.897,0.993,1.111,1.187
0.897,0.993,1.111,1.187,1.221
0.993,1.111,1.187,1.221,1.305
1.111,1.187,1.221,1.305,1.296
1.187,1.221,1.305,1.296,1.301
1.221,1.305,1.296,1.301,1.401
1.305,1.296,1.301,1.401,1.476
1.296,1.301,1.401,1.476,1.308
1.301,1.401,1.476,1.308,0.772
1.401,1.476,1.308,0.772,0.651
1.476,1.308,0.772,0.651,0.776
1.308,0.772,0.651,0.776,0.824
0.772,0.651,0.776,0.824,0.836
0.651,0.776,0.824,0.836,0.94
0.776,0.824,0.836,0.94,0.916
0.824,0.836,0.94,0.916,0.911
0.836,0.94,0.916,0.911,0.881
0.94,0.916,0.911,0.881,0.958
0.916,0.911,0.881,0.958,1.015
0.948,0.973,1.007,0.942,1.022
0.973,1.007,0.942,1.022,1.04
1.007,0.942,1.022,1.04,1.084
0.942,1.022,1.04,1.084,1.15
1.022,1.04,1.084,1.15,1.22
1.04,1.084,1.15,1.22,1.186
1.084,1.15,1.22,1.186,1.214
1.15,1.22,1.186,1.214,1.306
1.22,1.186,1.214,1.306,1.326
1.186,1.214,1.306,1.326,1.348
1.214,1.306,1.326,1.348,1.341
1.306,1.326,1.348,1.341,1.299
1.326,1.348,1.341,1.299,1.358
1.348,1.341,1.299,1.358,1.341
1.341,1.299,1.358,1.341,0.909
1.299,1.358,1.341,0.909,0.838
1.358,1.341,0.909,0.838,0.57
1.341,0.909,0.838,0.57,0.587
0.909,0.838,0.57,0.587,0.579
0.838,0.57,0.587,0.579,0.675
0.57,0.587,0.579,0.675,0.684
0.587,0.579,0.675,0.684,0.675
0.579,0.675,0.684,0.675,0.707
0.675,0.684,0.675,0.707,0.707
0.684,0.675,0.707,0.707,0.685
0.675,0.707,0.707,0.685,0.678
0.707,0.707,0.685,0.678,0.654
0.707,0.685,0.678,0.654,0.748
0.685,0.678,0.654,0.748,0.758
0.678,0.654,0.748,0.758,0.757
0.654,0.748,0.758,0.757,0.762
0.748,0.758,0.757,0.762,0.782
0.758,0.757,0.762,0.782,0.806
0.757,0.762,0.782,0.806,0.811
0.762,0.782,0.806,0.811,0.851
0.782,0.806,0.811,0.851,0.893
0.806,0.811,0.851,0.893,0.999
0.811,0.851,0.893,0.999,1.015
0.851,0.893,0.999,1.015,1.103
0.893,0.999,1.015,1.103,1.19
0.999,1.015,1.103,1.19,1.185
1.015,1.103,1.19,1.185,1.234
1.103,1.19,1.185,1.234,1.285
1.19,1.185,1.234,1.285,1.313
1.185,1.234,1.285,1.313,1.298
1.234,1.285,1.313,1.298,1.31
1.285,1.313,1.298,1.31,1.403
1.313,1.298,1.31,1.403,1.456
1.298,1.31,1.403,1.456,1.475
1.31,1.403,1.456,1.475,1.475
1.403,1.456,1.475,1.475,1.446
1.456,1.475,1.475,1.446,1.509
1.475,1.475,1.446,1.509,1.039
1.475,1.446,1.509,1.039,1.331
1.446,1.509,1.039,1.331,0.907
1.509,1.039,1.331,0.907,0.713
1.039,1.331,0.907,0.713,0.642
1.331,0.907,0.713,0.642,0.73
0.907,0.713,0.642,0.73,0.777
0.713,0.642,0.73,0.777,0.812
0.642,0.73,0.777,0.812,0.828
0.73,0.777,0.812,0.828,0.85
0.777,0.812,0.828,0.85,0.924
0.812,0.828,0.85,0.924,1.063
0.828,0.85,0.924,1.063,1.007
0.85,0.924,1.063,1.007,0.987
0.924,1.063,1.007,0.987,0.898
1.063,1.007,0.987,0.898,0.913
1.007,0.987,0.898,0.913,0.845
0.987,0.898,0.913,0.845,0.907
0.898,0.913,0.845,0.907,0.912
0.913,0.845,0.907,0.912,0.866
0.845,0.907,0.912,0.866,0.962
0.907,0.912,0.866,0.962,0.575
0.912,0.866,0.962,0.575,1.014
0.866,0.962,0.575,1.014,1.127
0.932,0.933,1.087,1.209,1.335
0.933,1.087,1.209,1.335,1.358
1.087,1.209,1.335,1.358,1.352
1.209,1.335,1.358,1.352,1.042
1.335,1.358,1.352,1.042,0.591
1.358,1.352,1.042,0.591,0.684
1.352,1.042,0.591,0.684,0.697
1.042,0.591,0.684,0.697,0.687
0.591,0.684,0.697,0.687,0.677
0.684,0.697,0.687,0.677,0.662
0.697,0.687,0.677,0.662,0.761
0.687,0.677,0.662,0.761,0.8
0.677,0.662,0.761,0.8,0.817
0.662,0.761,0.8,0.817,0.845
0.761,0.8,0.817,0.845,0.898
0.8,0.817,0.845,0.898,1.018
0.817,0.845,0.898,1.018,1.19
0.845,0.898,1.018,1.19,1.13
0.898,1.018,1.19,1.13,1.245
1.018,1.19,1.13,1.245,1.296
1.19,1.13,1.245,1.296,1.315
1.13,1.245,1.296,1.315,1.414
1.245,1.296,1.315,1.414,1.476
1.296,1.315,1.414,1.476,1.315
1.315,1.414,1.476,1.315,0.736
1.414,1.476,1.315,0.736,0.775
1.476,1.315,0.736,0.775,0.826
1.315,0.736,0.775,0.826,0.842
0.736,0.775,0.826,0.842,0.952
0.775,0.826,0.842,0.952,1.011
0.826,0.842,0.952,1.011,1.051
0.842,0.952,1.011,1.051,0.983
0.952,1.011,1.051,0.983,0.927
1.011,1.051,0.983,0.927,0.964
1.051,0.983,0.927,0.964,0.772
0.983,0.927,0.964,0.772,0.899
0.927,0.964,0.772,0.899,0.926
0.964,0.772,0.899,0.926,0.918
0.952,0.94,1.233,1.184,1.334
0.94,1.233,1.184,1.334,1.357
1.233,1.184,1.334,1.357,1.359
1.184,1.334,1.357,1.359,1.236
1.334,1.357,1.359,1.236,1.036
1.357,1.359,1.236,1.036,0.592
1.359,1.236,1.036,0.592,0.678
1.236,1.036,0.592,0.678,0.696
1.036,0.592,0.678,0.696,0.687
0.592,0.678,0.696,0.687,0.69
0.678,0.696,0.687,0.69,0.662
0.696,0.687,0.69,0.662,0.758
0.687,0.69,0.662,0.758,0.804
0.69,0.662,0.758,0.804,0.821
0.662,0.758,0.804,0.821,0.898
0.758,0.804,0.821,0.898,1.021
0.804,0.821,0.898,1.021,1.181
0.821,0.898,1.021,1.181,1.137
0.898,1.021,1.181,1.137,1.243
1.021,1.181,1.137,1.243,1.385
1.181,1.137,1.243,1.385,1.307
1.137,1.243,1.385,1.307,1.401
1.243,1.385,1.307,1.401,1.481
1.385,1.307,1.401,1.481,1.292
1.307,1.401,1.481,1.292,0.784
1.401,1.481,1.292,0.784,0.66
1.481,1.292,0.784,0.66,0.775
1.292,0.784,0.66,0.775,0.847
0.784,0.66,0.775,0.847,0.837
0.66,0.775,0.847,0.837,0.975
0.775,0.847,0.837,0.975,0.969
0.847,0.837,0.975,0.969,0.932
0.837,0.975,0.969,0.932,0.92
0.975,0.969,0.932,0.92,0.913
0.969,0.932,0.92,0.913,0.942
0.638,0.559,0.741,0.703,0.726
0.559,0.741,0.703,0.726,0.683
0.741,0.703,0.726,0.683,1.363
0.703,0.726,0.683,1.363,1.375
0.726,0.683,1.363,1.375,1.351
0.683,1.363,1.375,1.351,0.628
1.363,1.375,1.351,0.628,0.546
1.375,1.351,0.628,0.546,0.749
1.351,0.628,0.546,0.749,0.719
0.628,0.546,0.749,0.719,0.721
0.546,0.749,0.719,0.721,0.682
0.749,0.719,0.721,0.682,0.65
0.719,0.721,0.682,0.65,0.536
0.721,0.682,0.65,0.536,0.678
0.682,0.65,0.536,0.678,0.777
0.65,0.536,0.678,0.777,0.834
0.536,0.678,0.777,0.834,0.878
0.678,0.777,0.834,0.878,0.931
0.777,0.834,0.878,0.931,1.015
0.834,0.878,0.931,1.015,1.07
0.878,0.931,1.015,1.07,1.166
0.931,1.015,1.07,1.166,1.177
1.015,1.07,1.166,1.177,1.215
1.07,1.166,1.177,1.215,1.244
1.166,1.177,1.215,1.244,1.169
1.177,1.215,1.244,1.169,1.427
1.215,1.244,1.169,1.427,1.455
1.244,1.169,1.427,1.455,1.486
1.169,1.427,1.455,1.486,1.41
1.427,1.455,1.486,1.41,1.162
1.455,1.486,1.41,1.162,0.611
1.486,1.41,1.162,0.611,0.721
1.41,1.162,0.611,0.721,0.613
1.162,0.611,0.721,0.613,0.794
0.611,0.721,0.613,0.794,0.766
0.721,0.613,0.794,0.766,0.846
0.613,0.794,0.766,0.846,0.832
0.794,0.766,0.846,0.832,0.915
0.766,0.846,0.832,0.915,0.993
0.846,0.832,0.915,0.993,1.064
0.832,0.915,0.993,1.064,0.864
0.915,0.993,1.064,0.864,0.959
0.993,1.064,0.864,0.959,0.792
1.064,0.864,0.959,0.792,0.921
0.864,0.959,0.792,0.921,0.946
0.959,0.792,0.921,0.946,0.999
0.792,0.921,0.946,0.999,1.107
0.653,0.556,0.742,0.72,0.724
0.556,0.742,0.72,0.724,0.685
0.742,0.72,0.724,0.685,1.382
0.72,0.724,0.685,1.382,1.375
0.724,0.685,1.382,1.375,1.383
0.685,1.382,1.375,1.383,0.998
1.382,1.375,1.383,0.998,0.594
1.375,1.383,0.998,0.594,0.679
1.383,0.998,0.594,0.679,0.695
0.998,0.594,0.679,0.695,0.681
0.594,0.679,0.695,0.681,0.696
0.679,0.695,0.681,0.696,0.741
0.695,0.681,0.696,0.741,0.677
0.681,0.696,0.741,0.677,0.776
0.696,0.741,0.677,0.776,0.841
0.741,0.677,0.776,0.841,0.875
0.677,0.776,0.841,0.875,0.933
0.776,0.841,0.875,0.933,1.003
0.841,0.875,0.933,1.003,1.073
0.875,0.933,1.003,1.073,1.177
0.933,1.003,1.073,1.177,1.197
1.003,1.073,1.177,1.197,1.195
1.073,1.177,1.197,1.195,1.251
1.177,1.197,1.195,1.251,1.295
1.197,1.195,1.251,1.295,1.447
1.195,1.251,1.295,1.447,1.2
1.251,1.295,1.447,1.2,1.492
1.295,1.447,1.2,1.492,1.394
1.447,1.2,1.492,1.394,1.069
1.2,1.492,1.394,1.069,0.619
1.492,1.394,1.069,0.619,0.668
1.394,1.069,0.619,0.668,0.751
1.069,0.619,0.668,0.751,0.768
0.619,0.668,0.751,0.768,0.845
0.668,0.751,0.768,0.845,0.25
0.751,0.768,0.845,0.25,1.011
0.768,0.845,0.25,1.011,1.027
0.845,0.25,1.011,1.027,1.063
0.25,1.011,1.027,1.063,0.961
1.011,1.027,1.063,0.961,0.869
1.027,1.063,0.961,0.869,0.88
1.063,0.961,0.869,0.88,0.894
0.961,0.869,0.88,0.894,0.938
0.869,0.88,0.894,0.938,1.034
0.88,0.894,0.938,1.034,1.103
0.644,0.562,0.743,0.702,0.725
0.562,0.743,0.702,0.725,0.69
0.743,0.702,0.725,0.69,1.369
0.702,0.725,0.69,1.369,1.387
0.725,0.69,1.369,1.387,1.341
0.69,1.369,1.387,1.341,0.636
1.369,1.387,1.341,0.636,0.575
1.387,1.341,0.636,0.575,0.764
1.341,0.636,0.575,0.764,0.675
0.636,0.575,0.764,0.675,0.711
0.575,0.764,0.675,0.711,0.682
0.764,0.675,0.711,0.682,0.645
0.675,0.711,0.682,0.645,0.533
0.711,0.682,0.645,0.533,0.684
0.682,0.645,0.533,0.684,0.832
0.645,0.533,0.684,0.832,0.88
0.533,0.684,0.832,0.88,0.935
0.684,0.832,0.88,0.935,1.009
0.832,0.88,0.935,1.009,1.059
0.88,0.935,1.009,1.059,1.17
0.935,1.009,1.059,1.17,1.148
1.009,1.059,1.17,1.148,1.232
1.059,1.17,1.148,1.232,1.239
1.17,1.148,1.232,1.239,1.074
1.148,1.232,1.239,1.074,1.455
1.232,1.239,1.074,1.455,1.58
1.239,1.074,1.455,1.58,1.489
1.074,1.455,1.58,1.489,1.404
1.455,1.58,1.489,1.404,1.072
1.58,1.489,1.404,1.072,0.601
1.489,1.404,1.072,0.601,0.682
1.404,1.072,0.601,0.682,0.611
1.072,0.601,0.682,0.611,0.754
0.601,0.682,0.611,0.754,0.757
0.682,0.611,0.754,0.757,0.843
0.611,0.754,0.757,0.843,0.925
0.754,0.757,0.843,0.925,1.069
0.757,0.843,0.925,1.069,0.873
0.843,0.925,1.069,0.873,0.893
0.925,1.069,0.873,0.893,0.813
1.069,0.873,0.893,0.813,0.916
0.873,0.893,0.813,0.916,0.954
0.893,0.813,0.916,0.954,0.989
0.813,0.916,0.954,0.989,1.079
0.645,0.623,0.556,0.745,0.716
0.623,0.556,0.745,0.716,0.729
0.556,0.745,0.716,0.729,0.681
0.745,0.716,0.729,0.681,1.374
0.716,0.729,0.681,1.374,1.398
0.729,0.681,1.374,1.398,1.381
0.681,1.374,1.398,1.381,1.033
1.374,1.398,1.381,1.033,0.626
1.398,1.381,1.033,0.626,0.574
1.381,1.033,0.626,0.574,0.681
1.033,0.626,0.574,0.681,0.706
0.626,0.574,0.681,0.706,0.701
0.574,0.681,0.706,0.701,0.681
0.681,0.706,0.701,0.681,0.684
0.706,0.701,0.681,0.684,0.709
0.701,0.681,0.684,0.709,0.68
0.681,0.684,0.709,0.68,0.77
0.684,0.709,0.68,0.77,0.834
0.709,0.68,0.77,0.834,0.875
0.68,0.77,0.834,0.875,0.935
0.77,0.834,0.875,0.935,0.992
0.834,0.875,0.935,0.992,1.057
0.875,0.935,0.992,1.057,1.188
0.935,0.992,1.057,1.188,1.139
0.992,1.057,1.188,1.139,1.197
1.057,1.188,1.139,1.197,1.242
1.188,1.139,1.197,1.242,1.219
1.139,1.197,1.242,1.219,1.438
1.197,1.242,1.219,1.438,1.433
1.242,1.219,1.438,1.433,1.496
1.219,1.438,1.433,1.496,1.564
1.438,1.433,1.496,1.564,1.106
1.433,1.496,1.564,1.106,0.619
1.496,1.564,1.106,0.619,0.65
1.564,1.106,0.619,0.65,0.678
1.106,0.619,0.65,0.678,0.719
0.619,0.65,0.678,0.719,0.752
0.65,0.678,0.719,0.752,0.854
0.678,0.719,0.752,0.854,0.899
0.719,0.752,0.854,0.899,1.063
0.752,0.854,0.899,1.063,0.868
0.854,0.899,1.063,0.868,0.865
0.899,1.063,0.868,0.865,0.93
1.063,0.868,0.865,0.93,0.946
0.868,0.865,0.93,0.946,1.022
0.865,0.93,0.946,1.022,1.117
0.977,1.185,1.411,0.625,0.575
1.185,1.411,0.625,0.575,0.656
1.411,0.625,0.575,0.656,0.655
0.625,0.575,0.656,0.655,0.831
0.575,0.656,0.655,0.831,0.997
0.656,0.655,0.831,0.997,0.742
0.655,0.831,0.997,0.742,0.734
0.831,0.997,0.742,0.734,0.845
0.997,0.742,0.734,0.845,0.934
0.742,0.734,0.845,0.934,0.978
0.979,1.083,0.634,0.702,0.714
1.083,0.634,0.702,0.714,0.81
0.634,0.702,0.714,0.81,1.011
0.702,0.714,0.81,1.011,0.776
0.714,0.81,1.011,0.776,0.74
0.81,1.011,0.776,0.74,0.933
1.011,0.776,0.74,0.933,1.018
0.776,0.74,0.933,1.018,0.914
0.74,0.933,1.018,0.914,1.025
0.956,1.397,1.3,0.672,0.768
1.397,1.3,0.672,0.768,1.239
1.3,0.672,0.768,1.239,1.472
0.672,0.768,1.239,1.472,1.523
0.768,1.239,1.472,1.523,0.755
1.239,1.472,1.523,0.755,0.847
1.472,1.523,0.755,0.847,0.904
1.523,0.755,0.847,0.904,0.946
0.755,0.847,0.904,0.946,1.024
0.972,1.198,1.411,1.061,0.701
1.198,1.411,1.061,0.701,0.676
1.411,1.061,0.701,0.676,0.667
1.061,0.701,0.676,0.667,0.842
0.701,0.676,0.667,0.842,0.989
0.676,0.667,0.842,0.989,1.198
0.667,0.842,0.989,1.198,0.725
0.842,0.989,1.198,0.725,0.738
0.989,1.198,0.725,0.738,1.085
0.979,1.191,0.692,0.698,0.664
1.191,0.692,0.698,0.664,0.853
0.692,0.698,0.664,0.853,1.001
0.698,0.664,0.853,1.001,1.429
0.664,0.853,1.001,1.429,1.196
0.853,1.001,1.429,1.196,0.858
1.001,1.429,1.196,0.858,1.137
1.429,1.196,0.858,1.137,0.974
0.973,1.056,1.413,0.634,0.691
1.056,1.413,0.634,0.691,0.766
1.413,0.634,0.691,0.766,1.268
0.634,0.691,0.766,1.268,1.462
0.691,0.766,1.268,1.462,1.131
0.766,1.268,1.462,1.131,0.84
1.268,1.462,1.131,0.84,1.084
1.462,1.131,0.84,1.084,0.949
1.131,0.84,1.084,0.949,0.945
0.99,1.137,1.357,0.705,0.678
1.137,1.357,0.705,0.678,0.687
1.357,0.705,0.678,0.687,0.662
0.705,0.678,0.687,0.662,0.765
0.678,0.687,0.662,0.765,0.842
0.687,0.662,0.765,0.842,0.886
0.662,0.765,0.842,0.886,1.1
0.765,0.842,0.886,1.1,1.442
0.842,0.886,1.1,1.442,1.482
0.886,1.1,1.442,1.482,1.472
1.1,1.442,1.482,1.472,1.525
1.442,1.482,1.472,1.525,1.139
1.482,1.472,1.525,1.139,0.705
1.472,1.525,1.139,0.705,0.964
1.525,1.139,0.705,0.964,0.932
1.139,0.705,0.964,0.932,0.918
0.705,0.964,0.932,0.918,0.726
0.964,0.932,0.918,0.726,1.153
1.006,1.139,1.214,1.297,1.326
1.139,1.214,1.297,1.326,0.592
1.214,1.297,1.326,0.592,0.571
1.297,1.326,0.592,0.571,0.709
1.326,0.592,0.571,0.709,0.694
0.592,0.571,0.709,0.694,0.67
0.571,0.709,0.694,0.67,0.661
0.709,0.694,0.67,0.661,0.766
0.694,0.67,0.661,0.766,0.884
0.67,0.661,0.766,0.884,1.021
0.661,0.766,0.884,1.021,1.055
0.766,0.884,1.021,1.055,1.102
0.884,1.021,1.055,1.102,1.438
1.021,1.055,1.102,1.438,1.441
1.055,1.102,1.438,1.441,0.922
1.102,1.438,1.441,0.922,0.645
1.438,1.441,0.922,0.645,0.603
1.441,0.922,0.645,0.603,0.661
0.922,0.645,0.603,0.661,0.771
0.645,0.603,0.661,0.771,0.848
0.603,0.661,0.771,0.848,0.94
0.661,0.771,0.848,0.94,0.961
0.771,0.848,0.94,0.961,0.927
0.848,0.94,0.961,0.927,0.95
0.94,0.961,0.927,0.95,1.135
0.984,1.139,1.235,1.294,1.313
1.139,1.235,1.294,1.313,0.587
1.235,1.294,1.313,0.587,0.688
1.294,1.313,0.587,0.688,0.668
1.313,0.587,0.688,0.668,0.662
0.587,0.688,0.668,0.662,0.758
0.688,0.668,0.662,0.758,0.873
0.668,0.662,0.758,0.873,1.053
0.662,0.758,0.873,1.053,1.103
0.758,0.873,1.053,1.103,1.462
0.873,1.053,1.103,1.462,1.398
1.053,1.103,1.462,1.398,1.12
1.103,1.462,1.398,1.12,0.651
1.462,1.398,1.12,0.651,0.716
1.398,1.12,0.651,0.716,0.832
1.12,0.651,0.716,0.832,0.952
0.651,0.716,0.832,0.952,0.934
0.716,0.832,0.952,0.934,0.953
0.832,0.952,0.934,0.953,1.136
0.349,0.392,0.432,0.258,0.59
0.392,0.432,0.258,0.59,0.637
0.432,0.258,0.59,0.637,0.628
0.258,0.59,0.637,0.628,0.984
0.59,0.637,0.628,0.984,0.422
0.637,0.628,0.984,0.422,0.445
0.628,0.984,0.422,0.445,0.38
0.984,0.422,0.445,0.38,0.427
0.422,0.445,0.38,0.427,0.514
0.445,0.38,0.427,0.514,0.25
0.38,0.427,0.514,0.25,0.466
0.427,0.514,0.25,0.466,0.481
0.514,0.25,0.466,0.481,0.55
0.25,0.466,0.481,0.55,0.789
0.466,0.481,0.55,0.789,0.877
0.481,0.55,0.789,0.877,0.512
0.338,0.287,0.591,0.632,0.663
0.287,0.591,0.632,0.663,0.636
0.591,0.632,0.663,0.636,0.417
0.632,0.663,0.636,0.417,0.445
0.663,0.636,0.417,0.445,0.555
0.636,0.417,0.445,0.555,0.52
0.417,0.445,0.555,0.52,0.417
0.445,0.555,0.52,0.417,0.484
0.555,0.52,0.417,0.484,0.512
0.437,0.366,0.451,0.264,0.631
0.366,0.451,0.264,0.631,0.661
0.451,0.264,0.631,0.661,0.647
0.264,0.631,0.661,0.647,0.68
0.631,0.661,0.647,0.68,0.42
0.661,0.647,0.68,0.42,0.442
0.647,0.68,0.42,0.442,0.612
0.68,0.42,0.442,0.612,0.527
0.42,0.442,0.612,0.527,0.526
0.442,0.612,0.527,0.526,0.481
0.612,0.527,0.526,0.481,0.494
0.527,0.526,0.481,0.494,0.787
0.526,0.481,0.494,0.787,0.778
0.481,0.494,0.787,0.778,0.602
0.385,0.389,0.26,0.582,0.634
0.389,0.26,0.582,0.634,0.663
0.26,0.582,0.634,0.663,0.686
0.582,0.634,0.663,0.686,0.409
0.634,0.663,0.686,0.409,0.444
0.663,0.686,0.409,0.444,0.349
0.686,0.409,0.444,0.349,0.414
0.409,0.444,0.349,0.414,0.444
0.444,0.349,0.414,0.444,0.25
0.349,0.414,0.444,0.25,0.45
0.414,0.444,0.25,0.45,0.498
0.444,0.25,0.45,0.498,0.447
0.465,0.383,0.319,0.579,0.664
0.383,0.319,0.579,0.664,0.647
0.319,0.579,0.664,0.647,0.421
0.579,0.664,0.647,0.421,0.445
0.664,0.647,0.421,0.445,0.35
0.647,0.421,0.445,0.35,0.428
0.421,0.445,0.35,0.428,0.455
0.445,0.35,0.428,0.455,0.52
0.35,0.428,0.455,0.52,0.38
0.428,0.455,0.52,0.38,0.475
0.455,0.52,0.38,0.475,0.495
0.52,0.38,0.475,0.495,0.788
0.38,0.475,0.495,0.788,0.704
2.443,2.36,2.311,2.21,2.293
2.36,2.311,2.21,2.293,2.266
2.311,2.21,2.293,2.266,2.135
2.21,2.293,2.266,2.135,1.979
2.293,2.266,2.135,1.979,1.952
2.266,2.135,1.979,1.952,1.886
2.135,1.979,1.952,1.886,2.399
1.979,1.952,1.886,2.399,1.944
1.952,1.886,2.399,1.944,2.725
1.886,2.399,1.944,2.725,2.713
2.399,1.944,2.725,2.713,2.558
1.944,2.725,2.713,2.558,2.526
2.725,2.713,2.558,2.526,2.319
2.713,2.558,2.526,2.319,2.516
2.558,2.526,2.319,2.516,2.444
2.526,2.319,2.516,2.444,2.525
2.319,2.516,2.444,2.525,2.505
2.516,2.444,2.525,2.505,2.457
2.444,2.525,2.505,2.457,2.467
2.525,2.505,2.457,2.467,2.422
2.505,2.457,2.467,2.422,3.449
2.457,2.467,2.422,3.449,3.571
2.467,2.422,3.449,3.571,3.498
2.422,3.449,3.571,3.498,3.441
3.449,3.571,3.498,3.441,3.687
3.571,3.498,3.441,3.687,3.377
3.498,3.441,3.687,3.377,3.299
0.983,1.029,1.011,1.1,1.086
1.029,1.011,1.1,1.086,1.176
1.011,1.1,1.086,1.176,1.205
1.1,1.086,1.176,1.205,1.319
1.086,1.176,1.205,1.319,1.183
1.176,1.205,1.319,1.183,1.374
1.205,1.319,1.183,1.374,1.376
1.319,1.183,1.374,1.376,1.111
1.183,1.374,1.376,1.111,1.335
1.374,1.376,1.111,1.335,1.38
1.376,1.111,1.335,1.38,1.213
1.111,1.335,1.38,1.213,0.778
1.335,1.38,1.213,0.778,0.706
1.38,1.213,0.778,0.706,0.584
1.213,0.778,0.706,0.584,0.606
0.778,0.706,0.584,0.606,0.616
0.706,0.584,0.606,0.616,0.683
0.584,0.606,0.616,0.683,0.703
0.606,0.616,0.683,0.703,0.69
0.616,0.683,0.703,0.69,0.687
0.683,0.703,0.69,0.687,0.702
0.703,0.69,0.687,0.702,0.668
0.69,0.687,0.702,0.668,0.77
0.687,0.702,0.668,0.77,0.705
0.702,0.668,0.77,0.705,0.72
0.668,0.77,0.705,0.72,0.85
0.77,0.705,0.72,0.85,0.845
0.705,0.72,0.85,0.845,0.754
0.72,0.85,0.845,0.754,0.853
0.85,0.845,0.754,0.853,0.871
0.845,0.754,0.853,0.871,0.936
0.754,0.853,0.871,0.936,1.027
0.853,0.871,0.936,1.027,1.065
0.871,0.936,1.027,1.065,1.114
0.936,1.027,1.065,1.114,1.033
1.027,1.065,1.114,1.033,1.153
1.065,1.114,1.033,1.153,1.162
1.114,1.033,1.153,1.162,1.214
1.033,1.153,1.162,1.214,1.219
1.153,1.162,1.214,1.219,1.282
1.162,1.214,1.219,1.282,1.345
1.214,1.219,1.282,1.345,1.411
1.219,1.282,1.345,1.411,1.412
1.282,1.345,1.411,1.412,1.448
1.345,1.411,1.412,1.448,1.488
1.411,1.412,1.448,1.488,1.458
1.412,1.448,1.488,1.458,1.315
1.448,1.488,1.458,1.315,0.915
1.488,1.458,1.315,0.915,1.487
1.458,1.315,0.915,1.487,1.379
1.315,0.915,1.487,1.379,0.982
0.915,1.487,1.379,0.982,0.828
1.487,1.379,0.982,0.828,0.67
1.379,0.982,0.828,0.67,0.606
0.982,0.828,0.67,0.606,0.643
0.828,0.67,0.606,0.643,0.714
0.67,0.606,0.643,0.714,0.975
0.606,0.643,0.714,0.975,0.802
0.643,0.714,0.975,0.802,0.9
0.714,0.975,0.802,0.9,0.748
0.975,0.802,0.9,0.748,0.764
0.802,0.9,0.748,0.764,0.853
0.9,0.748,0.764,0.853,1.047
0.748,0.764,0.853,1.047,0.996
0.764,0.853,1.047,0.996,0.745
0.853,1.047,0.996,0.745,0.877
1.047,0.996,0.745,0.877,0.706
0.996,0.745,0.877,0.706,0.959
0.745,0.877,0.706,0.959,0.985
0.877,0.706,0.959,0.985,0.987
0.706,0.959,0.985,0.987,0.82
0.959,0.985,0.987,0.82,0.887
0.985,0.987,0.82,0.887,1.111
0.987,0.82,0.887,1.111,1.155
1.008,0.81,0.882,1.078,1.449
0.81,0.882,1.078,1.449,0.994
1.026,1.017,1.087,1.104,1.17
1.017,1.087,1.104,1.17,1.218
1.087,1.104,1.17,1.218,1.324
1.104,1.17,1.218,1.324,1.36
1.17,1.218,1.324,1.36,1.32
1.218,1.324,1.36,1.32,1.304
1.324,1.36,1.32,1.304,1.209
1.36,1.32,1.304,1.209,1.399
1.32,1.304,1.209,1.399,0.623
1.304,1.209,1.399,0.623,0.681
1.209,1.399,0.623,0.681,0.695
1.399,0.623,0.681,0.695,0.686
0.623,0.681,0.695,0.686,0.725
0.681,0.695,0.686,0.725,0.653
0.695,0.686,0.725,0.653,0.756
0.686,0.725,0.653,0.756,0.816
0.725,0.653,0.756,0.816,0.754
0.653,0.756,0.816,0.754,0.859
0.756,0.816,0.754,0.859,0.874
0.816,0.754,0.859,0.874,0.955
0.754,0.859,0.874,0.955,1.009
0.859,0.874,0.955,1.009,1.055
0.874,0.955,1.009,1.055,1.101
0.955,1.009,1.055,1.101,1.079
1.009,1.055,1.101,1.079,1.296
1.055,1.101,1.079,1.296,1.358
1.101,1.079,1.296,1.358,1.363
1.079,1.296,1.358,1.363,1.432
1.296,1.358,1.363,1.432,1.429
1.358,1.363,1.432,1.429,1.486
1.363,1.432,1.429,1.486,1.131
1.432,1.429,1.486,1.131,1.16
1.429,1.486,1.131,1.16,0.885
1.486,1.131,1.16,0.885,0.96
1.131,1.16,0.885,0.96,0.787
1.16,0.885,0.96,0.787,0.749
0.885,0.96,0.787,0.749,0.892
0.96,0.787,0.749,0.892,0.868
0.787,0.749,0.892,0.868,1.041
0.749,0.892,0.868,1.041,0.991
0.892,0.868,1.041,0.991,0.801
0.868,1.041,0.991,0.801,0.847
1.041,0.991,0.801,0.847,0.979
0.991,0.801,0.847,0.979,0.986
0.801,0.847,0.979,0.986,1.037
0.847,0.979,0.986,1.037,1.046
0.979,0.986,1.037,1.046,1.177
0.986,1.037,1.046,1.177,1.148
1.02,1.326,0.61,0.704,0.814
1.326,0.61,0.704,0.814,0.908
0.61,0.704,0.814,0.908,1.445
0.704,0.814,0.908,1.445,0.819
0.814,0.908,1.445,0.819,0.891
0.908,1.445,0.819,0.891,0.991
1.026,0.727,0.893,1.507,1.485
0.727,0.893,1.507,1.485,0.812
0.893,1.507,1.485,0.812,0.881
1.507,1.485,0.812,0.881,1.029
1.034,1.331,0.612,0.709,0.814
1.331,0.612,0.709,0.814,0.906
0.612,0.709,0.814,0.906,1.258
0.709,0.814,0.906,1.258,1.441
0.814,0.906,1.258,1.441,0.812
0.906,1.258,1.441,0.812,0.888
1.258,1.441,0.812,0.888,1.004
1.056,0.608,0.711,0.761,1.143
0.608,0.711,0.761,1.143,1.459
0.711,0.761,1.143,1.459,0.84
0.761,1.143,1.459,0.84,0.856
1.028,1.044,1.328,0.623,0.599
1.044,1.328,0.623,0.599,0.756
1.328,0.623,0.599,0.756,0.812
0.623,0.599,0.756,0.812,0.904
0.599,0.756,0.812,0.904,1.2
0.756,0.812,0.904,1.2,1.243
0.812,0.904,1.2,1.243,0.994
0.904,1.2,1.243,0.994,1.023
1.054,1.028,1.066,1.119,1.181
1.028,1.066,1.119,1.181,1.218
1.066,1.119,1.181,1.218,1.329
1.119,1.181,1.218,1.329,1.36
1.181,1.218,1.329,1.36,1.318
1.218,1.329,1.36,1.318,1.372
1.329,1.36,1.318,1.372,1.224
1.36,1.318,1.372,1.224,1.28
1.318,1.372,1.224,1.28,1.4
1.372,1.224,1.28,1.4,1.058
1.224,1.28,1.4,1.058,0.839
1.28,1.4,1.058,0.839,0.691
1.4,1.058,0.839,0.691,0.63
1.058,0.839,0.691,0.63,0.686
0.839,0.691,0.63,0.686,0.683
0.691,0.63,0.686,0.683,0.695
0.63,0.686,0.683,0.695,0.72
0.686,0.683,0.695,0.72,0.707
0.683,0.695,0.72,0.707,0.653
0.695,0.72,0.707,0.653,0.736
0.72,0.707,0.653,0.736,0.758
0.707,0.653,0.736,0.758,0.86
0.653,0.736,0.758,0.86,0.755
0.736,0.758,0.86,0.755,0.809
0.758,0.86,0.755,0.809,0.867
0.86,0.755,0.809,0.867,0.877
0.755,0.809,0.867,0.877,0.956
0.809,0.867,0.877,0.956,1.011
0.867,0.877,0.956,1.011,1.074
0.877,0.956,1.011,1.074,1.106
0.956,1.011,1.074,1.106,1.228
1.011,1.074,1.106,1.228,1.183
1.074,1.106,1.228,1.183,1.056
1.106,1.228,1.183,1.056,1.297
1.228,1.183,1.056,1.297,1.37
1.183,1.056,1.297,1.37,1.429
1.056,1.297,1.37,1.429,1.597
1.297,1.37,1.429,1.597,1.474
1.37,1.429,1.597,1.474,1.426
1.429,1.597,1.474,1.426,1.29
1.597,1.474,1.426,1.29,1.103
1.474,1.426,1.29,1.103,1.168
1.426,1.29,1.103,1.168,0.655
1.29,1.103,1.168,0.655,0.711
1.103,1.168,0.655,0.711,0.595
1.168,0.655,0.711,0.595,0.641
0.655,0.711,0.595,0.641,0.68
0.711,0.595,0.641,0.68,0.966
0.595,0.641,0.68,0.966,0.81
0.641,0.68,0.966,0.81,0.842
0.68,0.966,0.81,0.842,0.893
0.966,0.81,0.842,0.893,0.888
0.81,0.842,0.893,0.888,0.849
0.842,0.893,0.888,0.849,1.025
0.893,0.888,0.849,1.025,1.002
0.888,0.849,1.025,1.002,1.099
0.849,1.025,1.002,1.099,0.988
1.025,1.002,1.099,0.988,0.913
1.002,1.099,0.988,0.913,0.917
1.099,0.988,0.913,0.917,0.934
0.988,0.913,0.917,0.934,0.942
0.913,0.917,0.934,0.942,0.973
0.917,0.934,0.942,0.973,0.968
0.934,0.942,0.973,0.968,1.034
0.942,0.973,0.968,1.034,1.076
0.973,0.968,1.034,1.076,1.18
1.033,1.041,1.067,1.045,1.12
1.041,1.067,1.045,1.12,1.175
1.067,1.045,1.12,1.175,1.211
1.045,1.12,1.175,1.211,1.321
1.12,1.175,1.211,1.321,1.363
1.175,1.211,1.321,1.363,1.319
1.211,1.321,1.363,1.319,1.36
1.321,1.363,1.319,1.36,1.25
1.363,1.319,1.36,1.25,1.26
1.319,1.36,1.25,1.26,1.365
1.36,1.25,1.26,1.365,0.751
1.25,1.26,1.365,0.751,0.745
1.26,1.365,0.751,0.745,0.651
1.365,0.751,0.745,0.651,0.683
0.751,0.745,0.651,0.683,0.698
0.745,0.651,0.683,0.698,0.704
0.651,0.683,0.698,0.704,0.731
0.683,0.698,0.704,0.731,0.698
0.698,0.704,0.731,0.698,0.665
0.704,0.731,0.698,0.665,0.783
0.731,0.698,0.665,0.783,0.738
0.698,0.665,0.783,0.738,0.751
0.665,0.783,0.738,0.751,0.841
0.783,0.738,0.751,0.841,0.775
0.738,0.751,0.841,0.775,0.85
0.751,0.841,0.775,0.85,0.752
0.841,0.775,0.85,0.752,0.814
0.775,0.85,0.752,0.814,0.861
0.85,0.752,0.814,0.861,0.879
0.752,0.814,0.861,0.879,0.947
0.814,0.861,0.879,0.947,1.025
0.861,0.879,0.947,1.025,1.071
0.879,0.947,1.025,1.071,1.1
0.947,1.025,1.071,1.1,1.188
1.025,1.071,1.1,1.188,1.148
1.071,1.1,1.188,1.148,1.281
1.1,1.188,1.148,1.281,1.253
1.188,1.148,1.281,1.253,1.308
1.148,1.281,1.253,1.308,1.375
1.281,1.253,1.308,1.375,1.443
1.253,1.308,1.375,1.443,1.428
1.308,1.375,1.443,1.428,1.437
1.375,1.443,1.428,1.437,1.481
1.443,1.428,1.437,1.481,1.159
1.428,1.437,1.481,1.159,1.298
1.437,1.481,1.159,1.298,1.136
1.481,1.159,1.298,1.136,0.665
1.159,1.298,1.136,0.665,0.778
1.298,1.136,0.665,0.778,0.696
1.136,0.665,0.778,0.696,0.96
0.665,0.778,0.696,0.96,0.647
0.778,0.696,0.96,0.647,0.896
0.696,0.96,0.647,0.896,0.897
0.96,0.647,0.896,0.897,0.874
0.647,0.896,0.897,0.874,0.9
0.896,0.897,0.874,0.9,1.084
0.897,0.874,0.9,1.084,0.98
0.874,0.9,1.084,0.98,0.923
0.9,1.084,0.98,0.923,0.9
1.084,0.98,0.923,0.9,0.946
0.98,0.923,0.9,0.946,0.864
0.923,0.9,0.946,0.864,0.966
0.9,0.946,0.864,0.966,1.029
0.946,0.864,0.966,1.029,1.056
0.864,0.966,1.029,1.056,1.074
0.966,1.029,1.056,1.074,1.183
1.029,1.056,1.074,1.183,1.155
0.265,0.423,0.471,0.492,0.317
0.423,0.471,0.492,0.317,0.337
0.471,0.492,0.317,0.337,0.269
0.492,0.317,0.337,0.269,0.558
0.317,0.337,0.269,0.558,0.598
0.337,0.269,0.558,0.598,0.706
0.269,0.558,0.598,0.706,0.664
0.558,0.598,0.706,0.664,0.637
0.598,0.706,0.664,0.637,0.631
0.706,0.664,0.637,0.631,0.52
0.664,0.637,0.631,0.52,0.573
0.637,0.631,0.52,0.573,0.552
0.631,0.52,0.573,0.552,0.657
0.52,0.573,0.552,0.657,0.606
0.573,0.552,0.657,0.606,1.0
0.552,0.657,0.606,1.0,0.556
0.657,0.606,1.0,0.556,0.495
0.606,1.0,0.556,0.495,0.417
1.0,0.556,0.495,0.417,0.42
0.556,0.495,0.417,0.42,0.354
0.495,0.417,0.42,0.354,0.509
0.417,0.42,0.354,0.509,0.645
0.42,0.354,0.509,0.645,0.559
0.354,0.509,0.645,0.559,0.497
0.509,0.645,0.559,0.497,0.25
0.645,0.559,0.497,0.25,0.507
0.559,0.497,0.25,0.507,0.481
0.497,0.25,0.507,0.481,0.673
0.25,0.507,0.481,0.673,0.748
0.507,0.481,0.673,0.748,0.32
0.481,0.673,0.748,0.32,0.529
0.673,0.748,0.32,0.529,0.489
0.748,0.32,0.529,0.489,0.562
0.32,0.529,0.489,0.562,0.573
0.529,0.489,0.562,0.573,0.627
0.489,0.562,0.573,0.627,0.556
0.562,0.573,0.627,0.556,0.787
0.573,0.627,0.556,0.787,0.524
0.627,0.556,0.787,0.524,0.411
0.556,0.787,0.524,0.411,0.384
0.787,0.524,0.411,0.384,0.313
0.303,0.455,0.482,0.506,0.33
0.455,0.482,0.506,0.33,0.261
0.482,0.506,0.33,0.261,0.398
0.506,0.33,0.261,0.398,0.453
0.33,0.261,0.398,0.453,0.639
0.261,0.398,0.453,0.639,0.662
0.398,0.453,0.639,0.662,0.618
0.453,0.639,0.662,0.618,0.653
0.639,0.662,0.618,0.653,0.505
0.662,0.618,0.653,0.505,0.555
0.618,0.653,0.505,0.555,0.641
0.653,0.505,0.555,0.641,0.629
0.505,0.555,0.641,0.629,0.595
0.555,0.641,0.629,0.595,1.0
0.641,0.629,0.595,1.0,0.598
0.629,0.595,1.0,0.598,0.511
0.595,1.0,0.598,0.511,0.407
1.0,0.598,0.511,0.407,0.369
0.598,0.511,0.407,0.369,0.443
0.511,0.407,0.369,0.443,0.543
0.407,0.369,0.443,0.543,0.784
0.369,0.443,0.543,0.784,0.496
0.443,0.543,0.784,0.496,0.421
0.543,0.784,0.496,0.421,0.557
0.784,0.496,0.421,0.557,0.633
0.496,0.421,0.557,0.633,0.69
0.421,0.557,0.633,0.69,0.722
0.557,0.633,0.69,0.722,0.325
0.633,0.69,0.722,0.325,0.589
0.69,0.722,0.325,0.589,0.495
0.722,0.325,0.589,0.495,0.521
0.325,0.589,0.495,0.521,0.409
0.589,0.495,0.521,0.409,0.567
0.495,0.521,0.409,0.567,0.542
0.521,0.409,0.567,0.542,0.628
0.409,0.567,0.542,0.628,0.786
0.567,0.542,0.628,0.786,0.417
0.542,0.628,0.786,0.417,0.374
0.628,0.786,0.417,0.374,0.345
0.965,1.008,1.007,1.164,1.273
1.008,1.007,1.164,1.273,1.379
1.007,1.164,1.273,1.379,1.386
1.164,1.273,1.379,1.386,1.343
1.273,1.379,1.386,1.343,0.821
1.379,1.386,1.343,0.821,0.888
1.386,1.343,0.821,0.888,0.753
1.343,0.821,0.888,0.753,0.735
0.821,0.888,0.753,0.735,0.7
0.888,0.753,0.735,0.7,0.716
0.753,0.735,0.7,0.716,0.82
0.735,0.7,0.716,0.82,0.785
0.7,0.716,0.82,0.785,0.773
0.716,0.82,0.785,0.773,0.915
0.82,0.785,0.773,0.915,1.086
0.785,0.773,0.915,1.086,1.104
0.773,0.915,1.086,1.104,1.16
0.915,1.086,1.104,1.16,1.202
1.086,1.104,1.16,1.202,1.294
1.104,1.16,1.202,1.294,1.414
1.16,1.202,1.294,1.414,1.44
1.202,1.294,1.414,1.44,1.494
1.294,1.414,1.44,1.494,1.49
1.414,1.44,1.494,1.49,1.155
1.44,1.494,1.49,1.155,0.735
1.494,1.49,1.155,0.735,0.769
1.49,1.155,0.735,0.769,0.772
1.155,0.735,0.769,0.772,0.772
0.735,0.769,0.772,0.772,0.978
0.769,0.772,0.772,0.978,1.033
0.772,0.772,0.978,1.033,1.009
0.772,0.978,1.033,1.009,1.068
0.978,1.033,1.009,1.068,1.123
0.967,1.038,1.086,1.155,1.38
1.038,1.086,1.155,1.38,1.343
1.086,1.155,1.38,1.343,1.317
1.155,1.38,1.343,1.317,1.415
1.38,1.343,1.317,1.415,0.706
1.343,1.317,1.415,0.706,0.674
1.317,1.415,0.706,0.674,0.672
1.415,0.706,0.674,0.672,0.762
0.706,0.674,0.672,0.762,0.762
0.674,0.672,0.762,0.762,0.831
0.672,0.762,0.762,0.831,0.869
0.762,0.762,0.831,0.869,1.034
0.762,0.831,0.869,1.034,1.139
0.831,0.869,1.034,1.139,1.164
0.869,1.034,1.139,1.164,1.223
1.034,1.139,1.164,1.223,1.386
1.139,1.164,1.223,1.386,1.44
1.164,1.223,1.386,1.44,1.514
1.223,1.386,1.44,1.514,1.316
1.386,1.44,1.514,1.316,1.195
1.44,1.514,1.316,1.195,1.255
1.514,1.316,1.195,1.255,0.853
1.316,1.195,1.255,0.853,0.963
1.195,1.255,0.853,0.963,1.01
1.255,0.853,0.963,1.01,0.958
0.853,0.963,1.01,0.958,0.869
0.963,1.01,0.958,0.869,0.932
1.01,0.958,0.869,0.932,0.895
0.958,0.869,0.932,0.895,0.915
0.869,0.932,0.895,0.915,0.923
0.304,0.444,0.262,0.325,0.546
0.444,0.262,0.325,0.546,0.638
0.262,0.325,0.546,0.638,0.604
0.325,0.546,0.638,0.604,0.681
0.546,0.638,0.604,0.681,0.396
0.638,0.604,0.681,0.396,0.378
0.604,0.681,0.396,0.378,0.346
0.681,0.396,0.378,0.346,0.389
0.396,0.378,0.346,0.389,0.407
0.378,0.346,0.389,0.407,0.623
0.346,0.389,0.407,0.623,0.543
0.389,0.407,0.623,0.543,0.559
0.407,0.623,0.543,0.559,0.447
0.623,0.543,0.559,0.447,0.58
0.543,0.559,0.447,0.58,0.317
0.328,0.359,0.429,0.494,0.309
0.359,0.429,0.494,0.309,0.25
0.429,0.494,0.309,0.25,0.268
0.494,0.309,0.25,0.268,0.317
0.309,0.25,0.268,0.317,0.323
0.25,0.268,0.317,0.323,0.456
0.268,0.317,0.323,0.456,0.583
0.317,0.323,0.456,0.583,0.698
0.323,0.456,0.583,0.698,0.642
0.456,0.583,0.698,0.642,0.629
0.583,0.698,0.642,0.629,0.618
0.698,0.642,0.629,0.618,0.663
0.642,0.629,0.618,0.663,0.529
0.629,0.618,0.663,0.529,1.0
0.618,0.663,0.529,1.0,0.393
0.663,0.529,1.0,0.393,0.351
0.529,1.0,0.393,0.351,0.412
1.0,0.393,0.351,0.412,0.435
0.393,0.351,0.412,0.435,0.397
0.351,0.412,0.435,0.397,0.406
0.412,0.435,0.397,0.406,0.25
0.435,0.397,0.406,0.25,0.563
0.397,0.406,0.25,0.563,0.573
0.406,0.25,0.563,0.573,0.619
0.25,0.563,0.573,0.619,0.732
0.563,0.573,0.619,0.732,0.683
0.573,0.619,0.732,0.683,0.711
0.619,0.732,0.683,0.711,0.331
0.732,0.683,0.711,0.331,0.529
0.683,0.711,0.331,0.529,0.505
0.711,0.331,0.529,0.505,0.438
0.331,0.529,0.505,0.438,0.554
0.529,0.505,0.438,0.554,0.579
0.505,0.438,0.554,0.579,0.782
0.438,0.554,0.579,0.782,0.618
0.554,0.579,0.782,0.618,0.418
0.579,0.782,0.618,0.418,0.371
0.782,0.618,0.418,0.371,0.311
0.618,0.418,0.371,0.311,0.304
0.418,0.371,0.311,0.304,0.288
0.332,0.348,0.25,0.25,0.25
0.348,0.25,0.25,0.25,0.25
0.25,0.25,0.25,0.25,0.25
0.25,0.25,0.25,0.25,0.25
0.25,0.25,0.25,0.25,0.25
0.25,0.25,0.25,0.25,0.25
0.25,0.25,0.25,0.25,0.25
0.25,0.25,0.25,0.25,0.25
0.25,0.25,0.25,0.25,0.25
0.25,0.25,0.25,0.25,0.25
0.25,0.25,0.25,0.25,0.276
0.25,0.25,0.25,0.276,0.25
0.25,0.25,0.276,0.25,0.446
0.25,0.276,0.25,0.446,1.0
0.276,0.25,0.446,1.0,1.0
0.25,0.446,1.0,1.0,0.437
0.446,1.0,1.0,0.437,0.505
1.0,1.0,0.437,0.505,0.266
1.0,0.437,0.505,0.266,0.324
0.437,0.505,0.266,0.324,0.272
0.505,0.266,0.324,0.272,0.25
0.266,0.324,0.272,0.25,0.286
0.324,0.272,0.25,0.286,0.25
0.272,0.25,0.286,0.25,0.442
0.25,0.286,0.25,0.442,0.25
0.286,0.25,0.442,0.25,0.25
0.25,0.442,0.25,0.25,0.502
0.442,0.25,0.25,0.502,0.5
0.25,0.25,0.502,0.5,0.689
0.25,0.502,0.5,0.689,0.328
0.502,0.5,0.689,0.328,0.592
0.5,0.689,0.328,0.592,0.389
0.689,0.328,0.592,0.389,0.569
0.328,0.592,0.389,0.569,0.599
0.592,0.389,0.569,0.599,0.784
0.389,0.569,0.599,0.784,0.25
0.569,0.599,0.784,0.25,0.25
0.599,0.784,0.25,0.25,0.25
0.328,0.371,0.359,0.309,0.288
0.371,0.359,0.309,0.288,0.262
0.359,0.309,0.288,0.262,0.25
0.309,0.288,0.262,0.25,1.031
0.288,0.262,0.25,1.031,0.542
0.262,0.25,1.031,0.542,0.561
0.25,1.031,0.542,0.561,0.644
1.031,0.542,0.561,0.644,0.622
0.542,0.561,0.644,0.622,0.645
0.561,0.644,0.622,0.645,0.59
0.644,0.622,0.645,0.59,0.523
0.622,0.645,0.59,0.523,0.412
0.645,0.59,0.523,0.412,0.626
0.59,0.523,0.412,0.626,0.666
0.523,0.412,0.626,0.666,1.0
0.412,0.626,0.666,1.0,0.651
0.626,0.666,1.0,0.651,0.403
0.666,1.0,0.651,0.403,0.335
1.0,0.651,0.403,0.335,0.336
0.651,0.403,0.335,0.336,0.431
0.403,0.335,0.336,0.431,0.459
0.335,0.336,0.431,0.459,0.531
0.336,0.431,0.459,0.531,0.496
0.431,0.459,0.531,0.496,0.493
0.459,0.531,0.496,0.493,0.437
0.531,0.496,0.493,0.437,0.666
0.496,0.493,0.437,0.666,0.683
0.493,0.437,0.666,0.683,0.42
0.437,0.666,0.683,0.42,0.335
0.666,0.683,0.42,0.335,0.519
0.683,0.42,0.335,0.519,0.538
0.42,0.335,0.519,0.538,0.365
0.335,0.519,0.538,0.365,0.417
0.519,0.538,0.365,0.417,0.519
0.538,0.365,0.417,0.519,0.564
0.365,0.417,0.519,0.564,0.772
0.417,0.519,0.564,0.772,0.579
0.519,0.564,0.772,0.579,0.25
0.564,0.772,0.579,0.25,0.343
0.319,0.374,0.36,0.317,0.324
0.374,0.36,0.317,0.324,0.264
0.36,0.317,0.324,0.264,0.25
0.317,0.324,0.264,0.25,0.403
0.324,0.264,0.25,0.403,0.565
0.264,0.25,0.403,0.565,0.666
0.25,0.403,0.565,0.666,0.623
0.403,0.565,0.666,0.623,0.642
0.565,0.666,0.623,0.642,0.648
0.666,0.623,0.642,0.648,0.523
0.623,0.642,0.648,0.523,0.403
0.642,0.648,0.523,0.403,0.626
0.648,0.523,0.403,0.626,0.655
0.523,0.403,0.626,0.655,0.656
0.403,0.626,0.655,0.656,0.65
0.626,0.655,0.656,0.65,0.4
0.655,0.656,0.65,0.4,0.337
0.656,0.65,0.4,0.337,0.437
0.65,0.4,0.337,0.437,0.524
0.4,0.337,0.437,0.524,0.579
0.337,0.437,0.524,0.579,0.481
0.437,0.524,0.579,0.481,0.527
0.524,0.579,0.481,0.527,0.394
0.579,0.481,0.527,0.394,0.665
0.481,0.527,0.394,0.665,0.665
0.527,0.394,0.665,0.665,0.379
0.394,0.665,0.665,0.379,0.746
0.665,0.665,0.379,0.746,0.316
0.665,0.379,0.746,0.316,0.551
0.379,0.746,0.316,0.551,0.552
0.746,0.316,0.551,0.552,0.416
0.316,0.551,0.552,0.416,0.406
0.551,0.552,0.416,0.406,0.53
0.552,0.416,0.406,0.53,0.495
0.416,0.406,0.53,0.495,0.586
0.406,0.53,0.495,0.586,0.768
0.53,0.495,0.586,0.768,0.577
0.495,0.586,0.768,0.577,0.379
0.586,0.768,0.577,0.379,0.344
1.049,0.631,0.596,0.698,0.754
0.631,0.596,0.698,0.754,0.812
0.596,0.698,0.754,0.812,0.907
0.698,0.754,0.812,0.907,1.194
0.754,0.812,0.907,1.194,1.249
0.812,0.907,1.194,1.249,0.814
0.907,1.194,1.249,0.814,0.886
1.058,1.312,0.632,0.6,0.68
1.312,0.632,0.6,0.68,0.743
0.632,0.6,0.68,0.743,1.095
0.6,0.68,0.743,1.095,1.098
0.68,0.743,1.095,1.098,1.433
0.743,1.095,1.098,1.433,0.999
1.095,1.098,1.433,0.999,0.98
1.066,0.701,0.663,0.757,0.818
0.701,0.663,0.757,0.818,1.205
0.663,0.757,0.818,1.205,0.743
0.757,0.818,1.205,0.743,0.732
0.818,1.205,0.743,0.732,0.929
1.205,0.743,0.732,0.929,0.935
0.743,0.732,0.929,0.935,1.025
1.059,1.318,1.41,0.626,0.574
1.318,1.41,0.626,0.574,0.695
1.41,0.626,0.574,0.695,0.756
0.626,0.574,0.695,0.756,0.816
0.574,0.695,0.756,0.816,0.83
0.695,0.756,0.816,0.83,0.737
0.756,0.816,0.83,0.737,0.84
0.816,0.83,0.737,0.84,1.089
0.83,0.737,0.84,1.089,1.015
0.737,0.84,1.089,1.015,0.974
0.84,1.089,1.015,0.974,1.024
1.055,1.299,1.289,1.409,1.045
1.299,1.289,1.409,1.045,0.674
1.289,1.409,1.045,0.674,0.658
1.409,1.045,0.674,0.658,0.763
1.045,0.674,0.658,0.763,1.211
0.674,0.658,0.763,1.211,1.433
0.658,0.763,1.211,1.433,1.53
0.763,1.211,1.433,1.53,0.832
1.211,1.433,1.53,0.832,0.854
1.433,1.53,0.832,0.854,1.169
1.095,1.099,0.657,0.759,0.879
1.099,0.657,0.759,0.879,1.143
0.657,0.759,0.879,1.143,1.224
0.759,0.879,1.143,1.224,1.498
0.879,1.143,1.224,1.498,0.812
1.143,1.224,1.498,0.812,0.869
1.09,1.035,0.639,0.805,0.898
1.035,0.639,0.805,0.898,1.163
0.639,0.805,0.898,1.163,1.231
0.805,0.898,1.163,1.231,1.541
0.898,1.163,1.231,1.541,0.783
1.163,1.231,1.541,0.783,0.865
1.086,1.335,1.237,0.752,0.654
1.335,1.237,0.752,0.654,0.783
1.237,0.752,0.654,0.783,0.868
0.752,0.654,0.783,0.868,1.486
0.654,0.783,0.868,1.486,1.308
0.783,0.868,1.486,1.308,0.815
0.868,1.486,1.308,0.815,1.005
1.084,0.655,0.883,1.224,1.502
0.655,0.883,1.224,1.502,0.47
0.883,1.224,1.502,0.47,0.96
0.384,0.319,0.262,0.633,0.663
0.319,0.262,0.633,0.663,0.612
0.262,0.633,0.663,0.612,0.607
0.633,0.663,0.612,0.607,0.683
0.663,0.612,0.607,0.683,0.419
0.612,0.607,0.683,0.419,0.377
0.607,0.683,0.419,0.377,0.438
0.683,0.419,0.377,0.438,1.818
0.419,0.377,0.438,1.818,0.373
0.377,0.438,1.818,0.373,0.504
0.438,1.818,0.373,0.504,0.616
1.818,0.373,0.504,0.616,0.786
0.445,0.321,0.32,0.472,0.647
0.321,0.32,0.472,0.647,0.661
0.32,0.472,0.647,0.661,0.619
0.472,0.647,0.661,0.619,1.0
0.647,0.661,0.619,1.0,1.0
0.661,0.619,1.0,1.0,0.589
0.619,1.0,1.0,0.589,0.569
1.0,1.0,0.589,0.569,0.523
1.0,0.589,0.569,0.523,0.415
0.589,0.569,0.523,0.415,0.375
0.569,0.523,0.415,0.375,0.334
0.523,0.415,0.375,0.334,0.362
0.415,0.375,0.334,0.362,0.394
0.375,0.334,0.362,0.394,0.597
0.334,0.362,0.394,0.597,0.654
0.362,0.394,0.597,0.654,0.542
0.394,0.597,0.654,0.542,0.366
0.597,0.654,0.542,0.366,0.669
0.654,0.542,0.366,0.669,0.305
0.439,0.329,0.553,0.622,0.697
0.329,0.553,0.622,0.697,0.519
0.553,0.622,0.697,0.519,0.358
0.622,0.697,0.519,0.358,0.397
0.697,0.519,0.358,0.397,0.571
0.519,0.358,0.397,0.571,0.577
0.358,0.397,0.571,0.577,0.642
0.397,0.571,0.577,0.642,0.686
0.571,0.577,0.642,0.686,0.372
0.577,0.642,0.686,0.372,0.559
0.642,0.686,0.372,0.559,0.319
0.686,0.372,0.559,0.319,0.602
0.372,0.559,0.319,0.602,0.303
0.25,0.25,0.25,0.25,0.328
0.25,0.25,0.25,0.328,0.25
0.25,0.25,0.328,0.25,0.25
0.25,0.328,0.25,0.25,0.25
0.328,0.25,0.25,0.25,0.25
0.25,0.25,0.25,0.25,0.25
0.25,0.25,0.25,0.25,1.0
0.25,0.25,0.25,1.0,1.0
0.25,0.25,1.0,1.0,0.25
0.25,1.0,1.0,0.25,0.25
1.0,1.0,0.25,0.25,0.25
1.0,0.25,0.25,0.25,0.25
0.25,0.25,0.25,0.25,0.25
0.25,0.25,0.25,0.25,0.25
0.25,0.25,0.25,0.25,0.25
0.25,0.25,0.25,0.25,0.25
0.25,0.25,0.25,0.25,0.372
0.25,0.25,0.25,0.372,0.25
0.25,0.25,0.372,0.25,0.25
0.25,0.372,0.25,0.25,0.25
0.372,0.25,0.25,0.25,0.315
0.25,0.25,0.25,0.315,0.303
0.25,0.25,0.315,0.303,0.325
0.25,0.315,0.303,0.325,0.259
0.315,0.303,0.325,0.259,0.25
0.303,0.325,0.259,0.25,0.25
0.25,0.25,0.25,0.25,0.25
0.25,0.25,0.25,0.25,0.25
0.25,0.25,0.25,0.25,0.264
0.25,0.25,0.25,0.264,0.25
0.25,0.25,0.264,0.25,0.25
0.25,0.264,0.25,0.25,0.25
0.264,0.25,0.25,0.25,0.283
0.25,0.25,0.25,0.283,0.25
0.25,0.25,0.283,0.25,1.0
0.25,0.283,0.25,1.0,0.25
0.283,0.25,1.0,0.25,0.25
0.25,1.0,0.25,0.25,0.25
1.0,0.25,0.25,0.25,0.25
0.25,0.25,0.25,0.25,0.25
0.25,0.25,0.25,0.25,0.25
0.25,0.25,0.25,0.25,0.272
0.25,0.25,0.25,0.272,0.25
0.25,0.25,0.272,0.25,0.25
0.25,0.272,0.25,0.25,0.257
0.272,0.25,0.25,0.257,0.342
0.25,0.25,0.257,0.342,0.36
0.25,0.257,0.342,0.36,0.257
0.257,0.342,0.36,0.257,0.254
0.473,0.422,0.488,0.621,0.408
0.422,0.488,0.621,0.408,0.415
0.488,0.621,0.408,0.415,0.386
0.621,0.408,0.415,0.386,1.0
0.408,0.415,0.386,1.0,0.275
0.415,0.386,1.0,0.275,0.317
0.386,1.0,0.275,0.317,0.44
1.0,0.275,0.317,0.44,0.293
0.275,0.317,0.44,0.293,0.397
0.317,0.44,0.293,0.397,0.362
0.44,0.293,0.397,0.362,0.438
0.293,0.397,0.362,0.438,0.48
0.397,0.362,0.438,0.48,0.28
0.362,0.438,0.48,0.28,0.956
0.438,0.48,0.28,0.956,0.32
0.48,0.28,0.956,0.32,0.413
0.28,0.956,0.32,0.413,0.314
0.956,0.32,0.413,0.314,0.252
0.32,0.413,0.314,0.252,0.369
0.413,0.314,0.252,0.369,0.258
1.165,1.184,1.199,0.827,0.671
1.184,1.199,0.827,0.671,0.686
1.199,0.827,0.671,0.686,0.67
0.827,0.671,0.686,0.67,0.731
0.671,0.686,0.67,0.731,0.869
0.686,0.67,0.731,0.869,0.85
0.67,0.731,0.869,0.85,1.156
0.731,0.869,0.85,1.156,0.823
0.869,0.85,1.156,0.823,1.022
0.85,1.156,0.823,1.022,1.053
1.156,0.823,1.022,1.053,1.08
1.387,1.228,0.667,0.789,0.848
1.228,0.667,0.789,0.848,0.858
0.667,0.789,0.848,0.858,1.318
0.789,0.848,0.858,1.318,0.996
0.848,0.858,1.318,0.996,0.962
0.858,1.318,0.996,0.962,1.018
1.178,1.142,0.693,0.786,0.837
1.142,0.693,0.786,0.837,0.845
0.693,0.786,0.837,0.845,0.59
0.786,0.837,0.845,0.59,0.97
0.837,0.845,0.59,0.97,1.016
0.845,0.59,0.97,1.016,1.041
0.59,0.97,1.016,1.041,1.095
1.175,0.663,0.667,0.767,1.274
0.663,0.667,0.767,1.274,0.825
0.667,0.767,1.274,0.825,1.035
0.767,1.274,0.825,1.035,1.028
1.274,0.825,1.035,1.028,1.107
0.88,0.929,0.936,0.973,1.34
0.929,0.936,0.973,1.34,1.363
0.936,0.973,1.34,1.363,1.464
0.973,1.34,1.363,1.464,1.394
1.34,1.363,1.464,1.394,1.204
1.363,1.464,1.394,1.204,1.42
1.464,1.394,1.204,1.42,1.36
1.394,1.204,1.42,1.36,1.363
1.204,1.42,1.36,1.363,1.332
1.42,1.36,1.363,1.332,1.279
1.36,1.363,1.332,1.279,0.998
1.363,1.332,1.279,0.998,0.798
1.332,1.279,0.998,0.798,0.472
1.279,0.998,0.798,0.472,0.676
0.998,0.798,0.472,0.676,0.635
0.798,0.472,0.676,0.635,0.647
0.472,0.676,0.635,0.647,0.588
0.676,0.635,0.647,0.588,0.588
0.635,0.647,0.588,0.588,0.594
0.647,0.588,0.588,0.594,0.628
0.588,0.588,0.594,0.628,0.619
0.588,0.594,0.628,0.619,0.626
0.594,0.628,0.619,0.626,0.69
0.628,0.619,0.626,0.69,0.695
0.619,0.626,0.69,0.695,0.707
0.626,0.69,0.695,0.707,0.711
0.69,0.695,0.707,0.711,0.73
0.695,0.707,0.711,0.73,0.72
0.707,0.711,0.73,0.72,0.696
0.711,0.73,0.72,0.696,0.694
0.73,0.72,0.696,0.694,0.691
0.72,0.696,0.694,0.691,0.682
0.696,0.694,0.691,0.682,0.694
0.694,0.691,0.682,0.694,0.6
0.691,0.682,0.694,0.6,0.582
0.682,0.694,0.6,0.582,0.744
0.694,0.6,0.582,0.744,0.607
0.6,0.582,0.744,0.607,0.623
0.582,0.744,0.607,0.623,0.737
0.744,0.607,0.623,0.737,0.723
0.607,0.623,0.737,0.723,0.747
0.623,0.737,0.723,0.747,0.858
0.737,0.723,0.747,0.858,0.755
0.723,0.747,0.858,0.755,0.631
0.747,0.858,0.755,0.631,0.738
0.858,0.755,0.631,0.738,0.833
0.755,0.631,0.738,0.833,0.839
0.631,0.738,0.833,0.839,0.844
0.738,0.833,0.839,0.844,0.796
0.833,0.839,0.844,0.796,0.855
0.839,0.844,0.796,0.855,0.854
0.844,0.796,0.855,0.854,0.861
0.796,0.855,0.854,0.861,0.882
0.855,0.854,0.861,0.882,0.921
0.854,0.861,0.882,0.921,0.956
0.861,0.882,0.921,0.956,0.982
0.882,0.921,0.956,0.982,1.011
0.921,0.956,0.982,1.011,1.111
0.956,0.982,1.011,1.111,1.034
0.982,1.011,1.111,1.034,0.835
1.011,1.111,1.034,0.835,0.978
1.111,1.034,0.835,0.978,1.22
1.034,0.835,0.978,1.22,1.188
0.835,0.978,1.22,1.188,1.187
0.978,1.22,1.188,1.187,1.161
1.22,1.188,1.187,1.161,1.244
1.188,1.187,1.161,1.244,1.153
1.187,1.161,1.244,1.153,1.189
1.161,1.244,1.153,1.189,1.157
1.244,1.153,1.189,1.157,1.385
1.153,1.189,1.157,1.385,1.442
1.189,1.157,1.385,1.442,1.462
1.157,1.385,1.442,1.462,1.024
1.385,1.442,1.462,1.024,1.485
1.442,1.462,1.024,1.485,1.492
1.462,1.024,1.485,1.492,1.454
1.024,1.485,1.492,1.454,1.508
1.485,1.492,1.454,1.508,1.488
1.492,1.454,1.508,1.488,1.358
1.454,1.508,1.488,1.358,1.031
1.508,1.488,1.358,1.031,1.158
1.488,1.358,1.031,1.158,1.059
1.358,1.031,1.158,1.059,1.289
1.031,1.158,1.059,1.289,1.032
1.158,1.059,1.289,1.032,1.233
1.059,1.289,1.032,1.233,1.181
1.289,1.032,1.233,1.181,0.801
1.032,1.233,1.181,0.801,1.034
1.233,1.181,0.801,1.034,0.734
1.181,0.801,1.034,0.734,0.751
0.801,1.034,0.734,0.751,0.85
1.034,0.734,0.751,0.85,0.685
0.734,0.751,0.85,0.685,0.747
0.751,0.85,0.685,0.747,0.673
0.85,0.685,0.747,0.673,0.711
0.685,0.747,0.673,0.711,0.692
0.747,0.673,0.711,0.692,0.6
0.673,0.711,0.692,0.6,0.622
0.711,0.692,0.6,0.622,0.687
0.692,0.6,0.622,0.687,0.864
0.6,0.622,0.687,0.864,0.965
0.622,0.687,0.864,0.965,0.787
0.687,0.864,0.965,0.787,0.8
0.864,0.965,0.787,0.8,0.763
0.965,0.787,0.8,0.763,0.813
0.787,0.8,0.763,0.813,0.806
0.8,0.763,0.813,0.806,0.836
0.763,0.813,0.806,0.836,0.938
0.813,0.806,0.836,0.938,0.849
0.806,0.836,0.938,0.849,0.859
0.836,0.938,0.849,0.859,0.834
0.938,0.849,0.859,0.834,0.898
0.849,0.859,0.834,0.898,0.943
0.859,0.834,0.898,0.943,0.857
0.834,0.898,0.943,0.857,1.056
0.898,0.943,0.857,1.056,0.998
0.943,0.857,1.056,0.998,0.968
0.857,1.056,0.998,0.968,0.969
1.056,0.998,0.968,0.969,0.748
0.998,0.968,0.969,0.748,0.868
0.968,0.969,0.748,0.868,0.941
0.969,0.748,0.868,0.941,0.788
0.748,0.868,0.941,0.788,0.955
0.868,0.941,0.788,0.955,0.944
0.941,0.788,0.955,0.944,0.92
0.788,0.955,0.944,0.92,1.017
0.955,0.944,0.92,1.017,5.931
0.944,0.92,1.017,5.931,1.057
0.92,1.017,5.931,1.057,1.06
1.017,5.931,1.057,1.06,1.088
5.931,1.057,1.06,1.088,1.142
1.057,1.06,1.088,1.142,1.16
1.06,1.088,1.142,1.16,1.178
1.336,0.717,0.814,0.899,1.524
0.717,0.814,0.899,1.524,1.474
0.814,0.899,1.524,1.474,0.81
0.899,1.524,1.474,0.81,0.857
1.332,1.34,0.798,0.88,1.072
1.34,0.798,0.88,1.072,1.549
0.798,0.88,1.072,1.549,0.685
0.88,1.072,1.549,0.685,0.994
0.328,0.469,0.619,0.676,0.576
0.469,0.619,0.676,0.576,0.534
0.619,0.676,0.576,0.534,0.364
0.676,0.576,0.534,0.364,0.405
0.576,0.534,0.364,0.405,0.611
0.534,0.364,0.405,0.611,0.616
0.364,0.405,0.611,0.616,0.389
0.405,0.611,0.616,0.389,0.549
0.611,0.616,0.389,0.549,0.481
0.616,0.389,0.549,0.481,0.298
0.389,0.549,0.481,0.298,0.563
0.549,0.481,0.298,0.563,0.304
0.776,0.811,0.811,0.942,0.862
0.811,0.811,0.942,0.862,0.952
0.811,0.942,0.862,0.952,1.054
0.942,0.862,0.952,1.054,1.074
0.862,0.952,1.054,1.074,1.154
0.952,1.054,1.074,1.154,1.166
1.054,1.074,1.154,1.166,1.246
1.074,1.154,1.166,1.246,1.176
1.154,1.166,1.246,1.176,1.297
1.166,1.246,1.176,1.297,1.379
1.246,1.176,1.297,1.379,1.41
1.176,1.297,1.379,1.41,1.601
1.297,1.379,1.41,1.601,1.47
1.379,1.41,1.601,1.47,1.513
1.41,1.601,1.47,1.513,1.519
1.601,1.47,1.513,1.519,1.358
1.47,1.513,1.519,1.358,1.064
1.513,1.519,1.358,1.064,1.262
1.519,1.358,1.064,1.262,0.975
1.358,1.064,1.262,0.975,0.749
1.064,1.262,0.975,0.749,0.682
1.262,0.975,0.749,0.682,0.645
0.975,0.749,0.682,0.645,0.663
0.749,0.682,0.645,0.663,0.628
0.682,0.645,0.663,0.628,0.735
0.645,0.663,0.628,0.735,0.776
0.663,0.628,0.735,0.776,0.783
0.628,0.735,0.776,0.783,0.842
0.735,0.776,0.783,0.842,0.841
0.776,0.783,0.842,0.841,0.884
0.783,0.842,0.841,0.884,1.075
0.842,0.841,0.884,1.075,0.975
0.841,0.884,1.075,0.975,0.567
0.884,1.075,0.975,0.567,0.925
1.075,0.975,0.567,0.925,0.853
0.975,0.567,0.925,0.853,0.87
0.567,0.925,0.853,0.87,0.905
0.925,0.853,0.87,0.905,0.88
0.853,0.87,0.905,0.88,0.983
0.87,0.905,0.88,0.983,0.819
0.905,0.88,0.983,0.819,0.672
0.88,0.983,0.819,0.672,1.068
0.983,0.819,0.672,1.068,1.134
0.761,0.786,0.839,0.838,0.839
0.786,0.839,0.838,0.839,0.847
0.839,0.838,0.839,0.847,1.006
0.838,0.839,0.847,1.006,1.001
0.839,0.847,1.006,1.001,0.999
0.847,1.006,1.001,0.999,0.929
1.006,1.001,0.999,0.929,0.926
1.001,0.999,0.929,0.926,0.905
0.999,0.929,0.926,0.905,0.926
0.929,0.926,0.905,0.926,0.847
0.926,0.905,0.926,0.847,0.837
0.905,0.926,0.847,0.837,0.91
0.926,0.847,0.837,0.91,0.955
0.847,0.837,0.91,0.955,0.89
0.837,0.91,0.955,0.89,0.767
0.91,0.955,0.89,0.767,0.935
0.955,0.89,0.767,0.935,1.062
0.89,0.767,0.935,1.062,0.737
